incident_id,stock_ticker,price_7d_before,price_disclosure_day,price_1d_after,price_7d_after,price_30d_after,volume_avg_30d_baseline,volume_disclosure_day,sector_index,sector_return_same_period,abnormal_return_1d,abnormal_return_7d,abnormal_return_30d,car_neg1_to_pos1,car_0_to_7,car_0_to_30,car_0_to_90,t_statistic_1d,p_value_1d,t_statistic_30d,p_value_30d,earnings_announcement_within_7d,market_cap_at_disclosure,volume_ratio_disclosure,pre_incident_volatility_30d,post_incident_volatility_30d,days_to_price_recovery,is_valid,quality_flags_str
2023-0115-001,BITW,262.07,251.95,245.11,250.34,246.87,19782288,48767234,S&P 500 Information Technology,18.777,-27.129,-638.0,-20.181,-30.706,-638.0,-20.181,1.584,-19.908,1.0,-10.058,1.0,True,118198823773.06,2.4652,27.705,52.161,255.0,True,
2021-0315-001,SFM,9.37,9.09,8.73,8.78,8.67,458826,1421143,S&P 500 Consumer Discretionary,2.086,-3.953,-33.979,-45.737,-4.001,-33.979,-45.737,-7.916,-55.269,2.0,-20.352,9.824,False,648911379.54,3.0973,17.116,27.638,324.0,True,
2021-1204-001,SQI,14.6,13.36,13.09,13.28,13.17,230932,354433,S&P 500 Information Technology,-14.242,-20.519,-5.761,-1.427,-2.192,-5.761,-1.427,-1.911,-17.253,1.0,-13.419,1.0,False,4735163815.54,1.5348,38.209,45.756,19.0,True,
2021-0213-001,STUT.DE,5.34,5.43,5.27,5.36,5.37,2521343,6491913,S&P 500 Consumer Discretionary,-6.342,-29.562,-12.044,-10.566,-27.836,-12.044,-10.566,-8.723,-16.203,1.0,-5.624,1.0,False,2984412393.86,2.5748,2.798,30.972,24.0,True,
2025-0529-001,BAZA,465.19,441.08,410.45,428.36,429.49,1235984,3250371,S&P 500 Consumer Discretionary,-17.191,-69.433,-28.831,-2.627,-57.521,-28.831,-2.627,-40.106,-32.345,38.275,-32.225,38.875,False,219429554460.57,2.6298,25.212,38.232,313.0,True,
2021-1020-001,NAKA.VI,78.24,74.41,69.57,67.42,70.13,199294,364234,S&P 500 Industrials,-16.142,-65.007,-93.977,-57.573,-6.425,-93.977,-57.573,-10.557,-40.121,2.0,-103.365,2.0,False,23710490060.29,1.8276,2.313,33.996,151.0,True,
2025-0818-001,MAR1.TO,474.38,435.67,396.35,415.04,409.84,1201465,3700376,S&P 500 Consumer Discretionary,21.834,-90.252,-47.341,-59.287,-98.151,-47.341,-59.287,-55.955,-50.588,2.0,-21.588,9.206,False,565405877461.17,3.0799,15.619,26.574,298.0,True,
2025-0626-001,VECT.AX,14.27,14.24,13.86,14.15,14.2,343496,881166,S&P 500 Information Technology,-3.939,-26.375,-6.312,-2.686,-30.196,-6.312,-2.686,-19.773,-14.498,1.0,-1.844,1.0,True,7204249515.63,2.5653,18.237,36.146,8.0,True,
2023-1214-001,BORD.PA,255.42,251.79,243.09,244.9,254.03,1498948,5260039,S&P 500 Financials,-18.686,-34.562,-27.363,891.0,-37.183,-27.363,891.0,-10.062,-44.273,2.0,1.802,1.0,False,108959470452.3,3.5092,25.771,46.188,57.0,True,
2025-0810-001,FSO,732.51,714.15,695.04,685.36,686.65,465360,1856750,S&P 500 Consumer Discretionary,248.0,-26.753,-40.311,-38.507,-27.647,-40.311,-38.507,-35.353,-1.392,1.0,-15.855,1.0,True,479375712261.15,3.9899,17.222,27.986,54.0,True,
2025-1201-001,WRB,8.99,9.26,9.29,9.33,9.38,1561913,2543400,S&P 500 Financials,28.603,3.605,768.0,12.503,375.0,768.0,12.503,17.186,1.918,1.0,5.896,1.0,False,2101767096.58,1.6284,17.266,2.789,,True,
2022-0227-001,HARB.L,20.04,20.17,19.61,20.0,20.19,1498625,3477250,S&P 500 Consumer Discretionary,5.274,-27.774,-8.369,772.0,-29.445,-8.369,772.0,-1.149,-21.189,94.055,423.0,1.0,False,7336682108.12,2.3203,34.261,51.669,37.0,True,
2024-1210-001,COLE.SW,64.2,61.67,57.47,57.37,59.03,77481,202698,S&P 500 Industrials,-7.967,-68.067,-69.748,-42.848,-77.325,-69.748,-42.848,-49.226,-35.981,20.095,-15.156,1.0,False,45018205506.22,2.6161,32.632,58.687,101.0,True,
2022-0219-001,FBT.TA,350.55,358.94,345.65,352.19,358.71,1019823,2939735,S&P 500 Financials,19.177,-37.029,-18.818,-63.0,-36.574,-18.818,-63.0,3.164,-25.052,7.474,-632.0,1.0,False,210499393661.11,2.8826,17.393,20.283,22.0,True,
2024-0718-001,VVT.NS,97.63,91.89,90.99,90.79,90.95,6239618,24455606,S&P 500 Information Technology,-4.043,-9.839,-12.0,-10.211,-11.718,-12.0,-10.211,-14.181,-6.125,1.0,-8.124,1.0,False,63509722451.51,3.9194,15.994,31.949,16.0,True,
2024-0107-001,CMM.SA,88.61,86.98,82.67,82.59,85.97,322000,1186135,S&P 500 Industrials,-7.038,-49.546,-5.051,-11.652,-57.794,-5.051,-11.652,11.537,-40.269,2.0,-4.269,1.0,True,67622520282.55,3.6836,17.888,35.374,45.0,True,
2021-1203-001,SAVE,292.13,282.32,272.48,273.39,277.5,2418972,5547207,S&P 500 Consumer Discretionary,1.843,-34.839,-31.618,-17.066,-4.019,-31.618,-17.066,3.751,-39.218,391.0,-11.916,1.0,False,688104409153.04,2.2932,34.434,49.604,51.0,True,
2023-0216-001,BEL1.L,89.63,88.44,83.01,85.0,84.22,1542787,5105751,S&P 500,12.749,-61.354,-3.884,-47.661,-55.954,-3.884,-47.661,-31.259,-82.676,2.0,-2.571,7.145,False,35047091917.59,3.3094,22.985,40.315,276.0,True,
2024-1202-001,MUNI.DE,8.96,8.94,8.54,8.81,8.96,1045477,2647005,S&P 500 Health Care,-632.0,-44.712,-14.872,1.871,-51.419,-14.872,1.871,-6.502,-37.195,14.025,3.742,1.0,False,1924290259.57,2.5319,38.065,63.543,17.0,True,
2025-0315-001,PORT.AX,81.14,76.8,74.11,73.61,73.6,80420,301598,S&P 500 Industrials,12.774,-3.509,-41.592,-41.634,-33.648,-41.592,-41.634,-2.097,-20.949,95.255,-25.437,72.815,False,40865092835.25,3.7503,20.935,28.989,249.0,True,
2024-0920-001,OBC.TO,11.73,11.5,11.18,11.13,11.45,1619974,3024755,S&P 500 Industrials,-13.264,-27.637,-32.172,-4.185,-24.408,-32.172,-4.185,-3.292,-55.274,2.0,-1.315,1.0,False,1177341674.31,1.8672,36.355,63.809,57.0,True,
2025-0331-001,KOWA,152.44,146.84,137.84,140.57,143.29,7263232,15576359,S&P 500 Utilities,24.826,-6.131,-42.705,-24.143,-60.779,-42.705,-24.143,-31.756,-49.885,2.0,-38.239,8.805,False,85449789170.1,2.1445,20.593,3.258,164.0,True,
2025-1117-001,LOGI.AX,145.58,137.59,133.08,132.1,134.88,8999002,16966077,S&P 500 Information Technology,-10.507,-32.788,-39.921,-19.729,-30.872,-39.921,-19.729,-18.697,-15.589,1.0,-7.397,1.0,False,18564022306.01,1.8853,38.134,48.078,7.0,True,
2022-1104-001,DRD,44.9,46.85,43.47,42.36,43.88,3231806,4940093,S&P 500 Health Care,-8.664,-72.166,-95.753,-63.441,-85.784,-95.753,-63.441,-43.827,-87.667,2.0,-21.406,9.297,False,20082522956.24,1.5286,25.072,32.561,55.0,True,
2025-1101-001,SCHN.VI,5.85,6.21,6.12,6.17,6.27,1054421,2132591,S&P 500 Consumer Discretionary,-14.436,-14.396,-6.521,10.252,-15.389,-6.521,10.252,5.469,-9.801,1.0,3.514,1.0,False,1455749472.33,2.0225,1.424,24.619,6.0,True,
2024-0510-001,SANT.HK,66.53,64.68,61.45,60.89,62.18,111161,366675,S&P 500 Health Care,-12.098,-49.895,-58.592,-38.588,-4.451,-58.592,-38.588,-48.432,-25.845,70.775,-18.124,1.0,False,42114867264.5,3.2986,38.836,53.322,356.0,True,
2022-0114-001,PROT,9.83,8.8,8.89,8.84,8.86,1712781,3815987,S&P 500 Information Technology,5.806,9.792,4.857,729.0,9.782,4.857,729.0,16.846,5.419,1.0,6.145,1.0,False,763529823.47,2.2279,11.636,18.214,,True,
2024-1111-001,BZE.L,342.25,334.5,325.37,317.44,319.45,980942,2466563,S&P 500 Industrials,-15.117,-27.285,-51.009,-45.003,-2.999,-51.009,-45.003,-3.124,-15.964,1.0,-19.542,1.0,False,436966118316.22,2.5145,11.844,15.348,101.0,True,
2024-0101-001,BPS.SI,52.26,46.98,45.12,44.31,45.0,405825,1426415,S&P 500,28.749,-39.536,-56.863,-42.151,-48.632,-56.863,-42.151,-31.195,-18.538,1.0,-27.621,61.895,False,28453857939.97,3.5149,22.724,41.768,226.0,True,
2022-0207-001,AUST.PH,536.23,544.28,531.69,538.41,544.33,175444,346941,S&P 500 Health Care,-11.169,-23.126,-10.785,9.7e-05,-26.547,-10.785,9.7e-05,5.315,-17.443,1.0,54.0,1.0,True,215135488408.31,1.9775,3.206,39.304,17.0,True,
2022-0719-001,CARV.AS,7.65,6.9,6.83,6.71,6.76,3347952,6033029,S&P 500 Consumer Discretionary,21.795,-10.251,-28.124,-19.943,-11.707,-28.124,-19.943,-2.074,-5.578,1.0,-10.619,1.0,False,2361121526.79,1.802,15.203,17.588,22.0,True,
2025-0831-001,NAS1,10.75,11.31,11.08,11.38,11.69,4004858,13316330,S&P 500 Financials,9.579,-2.015,6.143,33.373,-23.537,6.143,33.373,8.866,-3.509,2.455,2.7994,6.003,True,2247352726.7,3.325,14.469,23.387,,True,
2021-0829-001,COMP.TO,145.47,135.46,134.85,132.58,133.72,452743,1476931,S&P 500 Industrials,-17.956,-45.0,-21.253,-12.841,-4.862,-21.253,-12.841,-2.527,-2.879,1.0,-0.86,1.0,False,95422001006.37,3.2622,32.121,57.081,60.0,True,
2025-0606-001,SCF.T,90.76,85.91,80.61,84.68,83.1,392468,908922,S&P 500 Financials,10.876,-61.682,-14.351,-32.724,-68.102,-14.351,-32.724,-1.323,-37.009,14.955,-49.537,2.0,False,17980221918.77,2.3159,12.508,23.321,74.0,True,
2023-1201-001,PHOE.PA,35.07,34.5,33.2,34.05,33.77,1955876,7591220,S&P 500,5.169,-37.695,-13.108,-21.259,-46.102,-13.108,-21.259,-8.891,-22.591,87.045,-17.519,1.0,False,42137873369.88,3.8812,13.497,16.441,38.0,True,
2025-0203-001,AERO.AX,55.31,55.38,54.99,55.85,56.03,291606,774568,S&P 500 Industrials,20.447,-696.0,8.555,1.182,-6.405,8.555,1.182,20.343,-798.0,1.0,4.808,1.0,False,39844005078.88,2.6562,37.334,62.368,,True,
2025-0826-001,PHOE,607.83,581.88,568.19,574.32,586.68,953652,1848068,S&P 500 Financials,-8.203,-23.532,-12.985,8.255,-30.238,-12.985,8.255,-4.812,-23.326,8.337,5.486,1.0,False,177420277839.77,1.9379,38.461,53.262,32.0,True,
2021-1101-001,PATH.KS,227.79,232.86,226.84,227.39,225.76,112111,275253,S&P 500 Health Care,-9.843,-25.865,-23.481,-3.051,-2.627,-23.481,-3.051,-24.943,-13.895,1.0,-35.956,2.022,False,61262144425.88,2.4552,15.411,27.943,44.0,True,
2024-1231-001,COLE.TO,27.79,26.54,24.76,24.64,24.84,1174731,4666086,S&P 500 Health Care,24.759,-6.718,-71.521,-64.071,-72.583,-71.521,-64.071,-55.252,-3.291,3.545,-33.467,32.665,False,11511359842.93,3.972,16.112,21.843,116.0,True,
2024-1205-001,PUNE.NS,92.8,93.12,91.11,92.55,93.04,4361983,14325139,S&P 500 Consumer Discretionary,28.664,-21.588,-6.077,-867.0,-27.316,-6.077,-867.0,5.309,-10.873,1.0,-353.0,1.0,False,17718994291.17,3.2841,34.046,46.655,13.0,True,
2022-0807-001,NETN.ST,66.39,62.66,62.67,61.75,63.53,1136152,2390975,S&P 500 Information Technology,14.802,232.0,-14.501,13.844,283.0,-14.501,13.844,14.013,136.0,1.0,436.0,1.0,False,13125595307.17,2.1044,22.656,27.296,14.0,True,
2023-0111-001,NHW.T,235.76,221.17,216.93,216.46,218.5,401507,1295560,S&P 500 Industrials,28.547,-19.157,-21.284,-12.051,-16.151,-21.284,-12.051,-20.757,-10.507,1.0,-4.343,1.0,False,111002837379.62,3.2267,38.292,59.136,20.0,True,
2022-1015-001,SUIT.L,37.48,36.96,34.56,35.55,36.63,3715736,7693264,S&P 500 Consumer Discretionary,-12.419,-64.886,-38.271,-8.796,-77.921,-38.271,-8.796,-8.812,-116.995,2.0,-3.663,1.0,False,19388175947.52,2.0705,20.853,23.497,14.0,True,
2024-0205-001,CRH,11.44,11.48,11.16,11.13,11.51,3824928,8598453,S&P 500 Consumer Discretionary,13.276,-28.195,-30.427,2.771,-31.958,-30.427,2.771,5.323,-3.214,393.0,111.0,1.0,False,7068187170.4,2.248,13.157,20.588,17.0,True,
2025-0314-001,VTL.TO,143.61,131.45,132.53,133.83,133.92,1210954,3809220,S&P 500 Health Care,17.528,8.207,18.103,1.879,8.748,18.103,1.879,9.294,4.377,1.0,7.788,1.0,False,85953577543.07,3.1456,27.387,32.212,,True,
2022-0608-001,PRIM.PA,8.88,8.87,8.87,8.77,8.7,1828563,6100937,S&P 500 Consumer Discretionary,-8.486,-54.0,-11.413,-18.935,-689.0,-11.413,-18.935,-471,-327.0,1.0,-8.842,1.0,False,635423632.73,3.3365,20.885,24.359,6.0,True,
2022-1118-001,LAND.MX,50.31,46.55,44.49,44.44,45.65,800554,1305734,S&P 500 Real Estate,2.485,-44.261,-45.247,-19.268,-35.512,-45.247,-19.268,-5.514,-22.852,8.574,-11.574,1.0,False,28221464268.82,1.631,12.742,18.852,5.0,True,
2021-0711-001,SHOP.NS,42.82,41.64,40.02,39.65,41.49,7257598,28141575,S&P 500 Consumer Discretionary,-993.0,-38.799,-47.723,-3.488,-38.015,-47.723,-3.488,-314,-25.075,74.625,-3.387,1.0,True,19783379178.44,3.8775,14.676,28.741,35.0,True,
2025-0828-001,LAMB,357.85,348.02,329.08,335.89,353.0,297646,729377,S&P 500 Financials,8.642,-54.431,-34.865,14.299,-636.0,-34.865,14.299,11.003,-32.344,3.828,5.224,1.0,False,356055476699.05,2.4505,33.138,60.237,55.0,True,
2021-0317-001,OKON.L,137.05,135.14,126.31,124.28,135.73,1980745,5390415,S&P 500 Consumer Discretionary,19.761,-65.307,-80.396,437.0,-6.919,-80.396,437.0,1.165,-41.753,2.0,2.729,1.0,False,128872957005.83,2.7214,3.897,74.349,16.0,True,
2024-0718-002,FJP.L,7.83,7.58,7.0,6.8,7.32,726044,1264926,S&P 500 Health Care,-14.962,-76.351,-102.662,-34.793,-61.602,-102.662,-34.793,-9.397,-6.951,2.0,-11.053,1.0,False,452899355.22,1.7422,33.364,52.581,220.0,True,
2023-1009-001,SNV.SW,296.79,284.88,275.09,276.06,277.76,5178516,17677093,S&P 500 Information Technology,-19.376,-34.364,-30.956,-24.987,-35.563,-30.956,-24.987,-8.849,-20.099,99.505,-8.751,1.0,False,301021116573.58,3.4135,23.319,39.184,36.0,True,
2023-1230-001,NEWC.AX,8.64,8.06,7.94,7.76,7.8,2001524,6134434,S&P 500 Information Technology,23.441,-14.891,-3.737,-32.656,-19.007,-3.737,-32.656,-26.464,-10.752,1.0,-20.417,97.915,False,3841807928.89,3.0649,39.802,61.751,341.0,True,
2023-0203-001,PITT,72.37,71.54,68.0,66.81,67.74,73310,215987,S&P 500 Industrials,24.689,-49.425,-66.141,-53.122,-43.114,-66.141,-53.122,-2.769,-35.094,2.453,-103.555,2.0,False,42578197299.8,2.9462,10.426,19.881,105.0,True,
2025-0220-001,SPAR.T,14.89,15.05,14.47,14.42,14.52,8426981,32431061,S&P 500 Utilities,-17.421,-38.499,-4.157,-3.521,-38.314,-4.157,-3.521,-32.384,-22.807,85.965,-19.507,1.0,False,5653738417.22,3.8485,31.301,3.799,90.0,True,
2025-1118-001,ERIK,13.83,13.17,12.14,12.04,11.86,680928,2260244,S&P 500 Health Care,-9.152,-78.387,-85.559,-9.956,-99.546,-85.559,-9.956,-49.254,-40.342,2.0,-55.761,2.0,False,2221743056.12,3.3194,1.883,33.342,283.0,True,
2025-1219-001,MONR.PA,34.09,32.91,32.23,32.13,31.96,1774448,4437028,S&P 500 Consumer Discretionary,2.622,-20.654,-23.613,-28.905,-17.232,-23.613,-28.905,-9.782,-9.716,1.0,-17.154,1.0,False,5001037143.19,2.5005,23.829,2.851,86.0,True,
2022-1002-001,RESE.NS,13.21,11.66,11.43,11.56,11.94,5288540,8182012,S&P 500 Financials,-17.014,-1.982,-8.845,24.011,-19.647,-8.845,24.011,3.644,-20.501,97.495,8.551,1.0,False,2029184633.26,1.5471,29.812,33.633,53.0,True,
2021-1217-001,PNL,11.34,11.13,10.98,11.06,11.05,4086077,8621918,S&P 500 Industrials,-6.541,-13.612,-6.031,-7.276,-12.544,-6.031,-7.276,-11.614,-19.407,1.0,-3.078,1.0,False,2714516876.86,2.1101,17.231,30.318,31.0,True,
2024-0302-001,SGF.TO,55.19,54.85,53.78,54.23,54.36,370906,771385,S&P 500 Industrials,12.847,-19.477,-11.375,-9.024,-18.426,-11.375,-9.024,6.099,-17.773,1.0,-6.382,1.0,False,37232866639.79,2.0797,12.896,1.549,53.0,True,
2023-0412-001,SYNC,384.56,385.27,374.52,369.95,372.09,952508,2396345,S&P 500 Information Technology,-1.171,-27.914,-39.759,-34.209,-26.219,-39.759,-34.209,-8.958,-2.765,6.175,-17.387,1.0,False,239922897016.51,2.5158,31.827,62.264,309.0,True,
2023-0609-001,JCS.AX,11.65,11.74,11.84,12.04,12.38,1146928,4229115,S&P 500 Communication Services,11.612,8.846,25.921,54.253,10.397,25.921,54.253,28.468,3.479,1.0,2.3531,82.345,False,787576935.46,3.6873,32.086,60.444,,True,
2025-0129-001,AMST.AS,62.58,60.46,60.41,60.65,61.62,376191,640723,S&P 500,19.437,-818.0,3.218,19.133,-951.0,3.218,19.133,22.537,-99.0,1.0,2.9118,5.441,True,18531358972.47,1.7032,32.675,39.846,,True,
2025-0510-001,SNV.SW,645.48,632.61,609.7,617.52,636.83,21908620,74656699,S&P 500 Information Technology,13.422,-36.212,-23.851,6.667,-30.705,-23.851,6.667,13.122,-17.387,1.0,2.282,1.0,False,356425347558.88,3.4076,34.594,60.793,32.0,True,
2023-1209-001,TBL,9.38,9.19,8.67,8.65,9.01,478373,897412,S&P 500 Health Care,6.586,-56.546,-58.674,-19.761,-54.768,-58.674,-19.761,-15.244,-31.486,4.257,-5.836,1.0,True,4734557506.24,1.876,2.365,27.048,23.0,True,
2023-0126-001,OKON.PA,14.15,14.29,14.21,14.14,13.98,424173,1542127,S&P 500 Consumer Discretionary,-6.951,-5.854,-10.298,-2.152,-5.397,-10.298,-2.152,-23.522,-3.574,1.0,-32.285,38.575,False,806626238.67,3.6356,32.406,58.346,171.0,True,
2024-0629-001,NSI,11.33,10.56,10.35,10.62,10.74,937190,1873876,S&P 500 Industrials,-8.034,-19.547,6.136,16.858,-16.934,6.136,16.858,-12.942,-19.349,1.0,1.064,1.0,False,691713135.04,1.9995,2.331,30.715,,True,
2022-0816-001,SEC,52.51,54.12,53.4,52.97,54.13,901782,1904320,S&P 500,6.886,-13.358,-21.282,167.0,-16.011,-21.282,167.0,17.525,-12.333,1.0,71.0,1.0,False,39308094352.43,2.1117,15.323,30.362,22.0,True,
2025-1225-001,ATL2,13.44,12.06,11.74,11.97,12.18,422338,1563221,S&P 500 Industrials,1.547,-262.0,-7.321,10.159,-3.064,-7.321,10.159,-9.406,-21.349,93.255,7.174,1.0,False,1610312156.81,3.7014,30.778,56.576,32.0,True,
2021-0713-001,LIND.TO,675.9,698.93,659.06,659.12,682.22,9776689,34076523,S&P 500 Health Care,17.397,-57.044,-56.958,-23.902,-73.573,-56.958,-23.902,-2.025,-33.787,31.065,-16.007,1.0,False,189750259613.78,3.4855,10.351,15.865,206.0,True,
2025-0727-001,CIRC.DE,6.33,5.78,5.65,5.68,5.85,9146630,16960331,S&P 500 Information Technology,28.584,-22.619,-16.938,11.859,-25.792,-16.938,11.859,-2.054,-15.291,1.0,1.1585,1.0,False,6094842197.28,1.8543,26.886,42.413,8.0,True,
2022-0629-002,MELB.AX,279.8,260.1,245.79,257.8,260.09,953481,3807494,S&P 500 Financials,-8.931,-55.034,-884.0,-5.5e-05,-66.763,-884.0,-5.5e-05,423,-25.851,70.745,-55.0,1.0,False,237654098220.62,3.9933,30.027,34.167,11.0,True,
2024-1029-001,VTL.TO,126.96,115.28,110.75,109.99,112.04,1168988,3545005,S&P 500 Health Care,15.702,-39.275,-45.904,-28.099,-32.308,-45.904,-28.099,"8,00E-05",-22.263,88.685,-11.269,1.0,False,91215023920.57,3.0325,29.788,57.304,199.0,True,
2025-0611-001,CAMP.BR,220.56,207.67,202.66,205.61,205.55,17177958,65746151,S&P 500 Information Technology,-1.032,-24.134,-9.898,-10.196,-26.365,-9.898,-10.196,11.403,-8.974,1.0,-6.215,1.0,True,77758129794.55,3.8274,36.568,72.735,28.0,True,
2024-0910-001,THOM.PH,9.7,10.1,10.0,9.89,9.78,1720683,5274437,S&P 500 Financials,20.073,-9.689,-21.175,-3.132,-11.972,-21.175,-3.132,-4.562,-6.238,1.0,-19.199,1.0,False,351189086.44,3.0653,31.124,39.825,71.0,True,
2021-0224-001,TWR,9.23,9.42,9.08,9.06,9.32,402817,1387133,S&P 500 Information Technology,1.013,-36.177,-38.476,-10.741,-43.255,-38.476,-10.741,-19.576,-19.386,1.0,-4.971,1.0,False,2908116188.19,3.4436,28.992,40.429,57.0,True,
2025-0704-002,SEOU.KS,594.06,567.94,570.9,564.75,574.67,31312645,68350380,S&P 500 Information Technology,2.762,5.212,-5.624,11.857,4.228,-5.624,11.857,-9.237,3.789,1.0,8.014,1.0,False,277720668554.36,2.1828,21.323,24.168,32.0,True,
2025-1023-001,BOST.KL,6.59,6.54,6.35,6.51,6.43,913524,2924047,S&P 500 Consumer Discretionary,-13.118,-29.457,-4.798,-16.099,-3.667,-4.798,-16.099,8.032,-16.565,1.0,-825.0,1.0,False,1091940296.53,3.2008,28.981,51.305,59.0,True,
2024-0325-001,SING.SI,9.17,9.67,9.6,9.69,9.61,54563494,168494743,S&P 500 Real Estate,-4.811,-6.921,1.738,-668.0,-759.0,1.738,-668.0,13.901,-3.625,1.0,-5.321,1.0,False,236912332.91,3.088,24.208,44.011,,True,
2021-0904-001,PCS,30.37,29.93,27.66,27.08,28.53,1310738,3704536,S&P 500 Consumer Discretionary,-19.392,-75.973,-95.233,-46.765,-72.301,-95.233,-46.765,-47.812,-49.557,2.0,-22.965,85.175,True,14926664835.49,2.8263,29.921,45.793,139.0,True,
2024-1004-001,TBL,8.44,7.85,7.74,7.76,7.98,3180539,8502599,S&P 500 Health Care,1.026,-14.556,-12.045,16.299,-12.307,-12.045,16.299,4.173,-7.026,1.0,1.8601,1.0,False,2382905053.19,2.6733,18.046,24.256,23.0,True,
2024-1109-001,MARK.SI,132.22,124.27,114.41,117.94,121.08,2443747,5295207,S&P 500 Consumer Discretionary,-8.476,-7.931,-50.949,-25.699,-85.362,-50.949,-25.699,-36.766,-72.879,2.0,-14.529,1.0,False,52873857928.96,2.1668,34.171,62.964,134.0,True,
2022-0102-001,OKON.L,281.86,286.3,282.89,280.73,281.6,291298,603392,S&P 500 Consumer Discretionary,4.548,-1.191,-19.453,-16.404,-11.711,-19.453,-16.404,-17.229,-6.015,1.0,-4.871,1.0,True,114727595501.67,2.0714,27.973,51.166,59.0,True,
2022-0512-001,JERU.TA,298.07,272.24,268.74,272.15,275.39,135502,214325,S&P 500 Information Technology,-12.406,-12.858,-316.0,11.579,-1.216,-316.0,11.579,17.461,-11.437,1.0,3.759,1.0,False,324483623216.14,1.5817,12.626,15.766,24.0,True,
2025-0526-001,SPAR.VI,15.09,14.76,14.04,13.99,14.31,379593,657850,S&P 500 Utilities,27.903,-48.527,-52.252,-30.516,-60.065,-52.252,-30.516,-3.462,-25.796,7.102,-11.135,1.0,False,2267723848.26,1.733,18.336,23.507,122.0,True,
2024-1230-001,CURR,259.61,252.32,245.91,248.11,253.58,917790,1940199,S&P 500 Utilities,-11.138,-25.423,-16.693,5.009,-26.438,-16.693,5.009,19.095,-27.963,60.185,2.579,1.0,False,81440391485.72,2.114,17.713,22.065,32.0,True,
2021-0820-001,AST.TA,383.47,361.96,355.0,359.68,350.92,2095544,3753611,S&P 500 Information Technology,22.151,-19.223,-6.303,-30.494,-16.683,-6.303,-30.494,145,-13.432,1.0,-23.858,8.071,False,137408593107.53,1.7912,10.974,20.321,192.0,True,
2021-0111-001,CHAN,13.77,13.03,12.92,12.66,12.78,347698,809044,S&P 500 Utilities,12.865,-8.545,-28.599,-19.019,-7.215,-28.599,-19.019,3.527,-6.066,1.0,-6.717,1.0,False,3861498370.06,2.3269,20.707,31.208,49.0,True,
2025-1020-002,EVH,17.38,16.01,15.41,15.12,15.37,815774,2315671,S&P 500 Consumer Discretionary,16.671,-37.234,-55.512,-3.981,-4.705,-55.512,-3.981,-51.705,-21.689,91.555,-28.184,5.908,False,4665033101.97,2.8386,31.008,60.608,87.0,True,
2022-0220-001,LINK,19.21,18.66,17.81,17.63,18.07,310148,749170,S&P 500 Information Technology,-8.608,-45.689,-55.142,-31.449,-5.532,-55.142,-31.449,-31.706,-91.378,2.0,-9.758,1.0,False,12385334562.92,2.4155,11.591,14.919,240.0,True,
2023-0701-001,RADI.T,26.73,23.84,22.23,23.08,23.74,703366,1547031,S&P 500 Communication Services,-5.308,-67.738,-31.912,-407.0,-64.033,-31.912,-407.0,9.728,-135.476,2.0,-2.096,1.0,False,13369010921.29,2.1995,31.923,45.699,40.0,True,
2025-0522-001,FLOR.MI,15.17,14.29,13.79,13.59,13.9,705238,2581199,S&P 500 Health Care,5.034,-34.756,-4.896,-27.339,-43.303,-4.896,-27.339,-21.013,-15.552,1.0,-54.678,2.0,False,473583741.16,3.66,13.202,23.774,87.0,True,
2024-0107-002,ACM.LS,64.15,60.27,59.11,59.69,58.14,664891,2007019,S&P 500 Information Technology,24.247,-19.208,-9.648,-35.359,-23.224,-9.648,-35.359,-34.035,-19.435,1.0,-18.844,1.0,False,79964735391.93,3.0186,16.386,32.076,141.0,True,
2021-0809-001,ZEN1.L,521.45,479.24,467.0,475.48,474.99,4521537,13540311,S&P 500 Financials,-7.238,-25.533,-7.851,-8.872,-27.739,-7.851,-8.872,-11.686,-19.317,1.0,-9.157,1.0,False,247767400573.73,2.9946,29.703,54.869,46.0,True,
2021-1218-001,TRUS.MI,8.14,8.1,7.91,8.03,8.04,1696463,4106971,S&P 500 Financials,23.592,-2.393,-9.245,-6.923,-26.772,-9.245,-6.923,12.443,-27.485,62.575,-2.892,1.0,False,4101271805.72,2.4209,11.745,22.887,13.0,True,
2023-0308-001,IPM,17.07,16.49,15.38,15.12,15.51,3209188,5572082,S&P 500 Health Care,-221.0,-67.049,-82.872,-59.539,-62.872,-82.872,-59.539,-69.867,-41.747,2.0,-23.052,8.474,False,3222013704.51,1.7363,24.112,28.873,102.0,True,
2023-0920-001,MIAM,531.2,543.24,513.88,508.04,511.84,1535645,5605492,S&P 500 Financials,25.016,-5.405,-64.795,-57.797,-43.658,-64.795,-57.797,-53.226,-27.655,61.725,-19.787,1.0,True,123225445571.27,3.6503,16.717,23.644,111.0,True,
2024-1020-001,MWI,25.38,24.84,23.89,24.07,23.93,2747488,6622982,S&P 500 Industrials,-8.199,-3.807,-30.984,-36.828,-37.966,-30.984,-36.828,-21.576,-72.927,2.0,-11.616,1.0,False,12033051706.99,2.4106,16.498,20.724,347.0,True,
2024-0523-001,LEED.L,14.39,13.88,13.53,13.74,14.12,291526,1030229,S&P 500,29.239,-25.367,-10.314,17.625,-29.268,-10.314,17.625,-513,-19.471,1.0,5.844,1.0,True,1977306855.22,3.5339,28.197,53.315,46.0,True,
2025-0121-001,SOLA.MX,15.88,16.38,15.33,15.26,15.58,153038,508729,S&P 500 Utilities,2.662,-64.281,-68.586,-48.903,-52.615,-68.586,-48.903,-3.699,-39.736,132.0,-32.978,3.511,False,14046864562.44,3.3242,2.366,44.698,184.0,True,
2025-1023-002,TCB.TW,211.46,202.73,195.45,198.12,197.64,17416258,54079265,S&P 500 Health Care,23.203,-3.593,-22.764,-25.124,-32.729,-22.764,-25.124,-28.611,-23.946,8.027,-10.412,1.0,False,229071434062.16,3.1051,37.239,54.555,284.0,True,
2022-0720-001,BZE.L,690.28,668.71,634.66,642.64,652.28,1902318,4036028,S&P 500 Industrials,-5.848,-50.914,-38.985,-24.564,-47.473,-38.985,-24.564,-36.864,-36.517,17.415,-18.366,1.0,False,147456464505.64,2.1216,10.348,16.606,82.0,True,
2024-0929-001,SEND.T,551.28,533.4,492.29,503.07,524.09,343745,896187,S&P 500 Consumer Discretionary,21.666,-77.072,-56.858,-17.459,-776.0,-56.858,-17.459,-31.415,-49.233,2.0,-6.458,1.0,False,271737769020.02,2.6071,21.836,31.419,21.0,True,
2024-0320-002,CLEV.SN,319.91,298.33,283.57,282.7,284.83,519711,1814908,S&P 500 Information Technology,-688.0,-4.949,-524.0,-45.251,-46.737,-524.0,-45.251,-53.221,-9.898,2.0,-32.348,3.826,False,364011711773.08,3.4921,29.235,34.396,291.0,True,
2022-1009-001,RMM.MX,156.72,150.53,149.91,148.45,146.27,65148,185941,S&P 500 Health Care,22.036,-4.108,-13.785,-28.294,-3.493,-13.785,-28.294,-3.756,-5.281,1.0,-22.605,86.975,False,80645596579.16,2.8541,25.684,286.0,317.0,True,
2024-0530-001,PMG.L,24.98,24.69,23.82,24.06,23.96,62638794,162194145,S&P 500 Health Care,10.428,-35.171,-25.563,-2.957,-3.125,-25.563,-2.957,5.933,-27.392,6.304,-20.223,98.885,False,13716760261.86,2.5894,34.335,65.013,165.0,True,
2025-0404-001,TANA,86.38,80.86,79.24,80.02,80.37,3787507,14446455,S&P 500 Information Technology,-14.222,-19.978,-10.448,-6.089,-25.746,-10.448,-6.089,-10.254,-17.529,1.0,-4.165,1.0,True,61217083808.28,3.8142,33.203,37.585,26.0,True,
2023-0917-001,SCHN.VI,12.91,12.71,12.11,12.35,12.5,2400893,3659697,S&P 500 Consumer Discretionary,-1.692,-47.541,-28.452,-16.419,-47.367,-28.452,-16.419,-11.048,-20.269,98.655,-9.434,1.0,False,368181525.72,1.5243,30.701,49.769,5.0,True,
2021-1102-001,NHW.T,96.28,87.54,85.74,86.93,85.63,1267349,4750070,S&P 500 Industrials,7.374,-20.547,-7.023,-21.841,-24.694,-7.023,-21.841,7.684,-1.297,1.0,-1.149,1.0,False,35410709841.89,3.748,25.417,31.805,274.0,True,
2023-0523-001,SNV.SW,402.09,358.47,353.7,360.24,368.69,1392289,4246790,S&P 500 Information Technology,-18.541,-13.307,4.945,28.499,-13.253,4.945,28.499,-5.195,-5.781,1.0,4.671,2.0,False,205422710325.0,3.0502,1.042,11.986,,True,
2024-0628-001,DETR,37.23,34.82,33.72,33.42,33.27,1823152,3143298,S&P 500 Information Technology,-15.011,-31.717,-40.074,-4.441,-38.997,-40.074,-4.441,-20.361,-40.609,2.0,-17.764,1.0,False,19202079203.94,1.7241,35.786,64.465,274.0,True,
2022-0316-001,ZENI.L,11.62,11.01,10.44,10.54,10.6,401850,965979,S&P 500 Real Estate,-4.308,-52.049,-42.469,-37.643,-48.182,-42.469,-37.643,-26.238,-34.892,2.554,-21.024,9.488,False,723428229.63,2.4038,39.321,52.726,69.0,True,
2023-0808-001,LOGI.IR,743.83,741.52,731.69,734.29,753.19,689537,1192374,S&P 500 Information Technology,26.798,-13.262,-9.753,15.739,-15.715,-9.753,15.739,-4.121,-5.986,1.0,9.492,1.0,False,427484413494.49,1.7292,29.108,36.779,12.0,True,
2025-1114-001,AMP.PA,13.93,14.0,13.37,13.95,14.17,1112804,4038437,S&P 500 Health Care,2.277,-45.012,-3.328,12.293,-43.836,-3.328,12.293,14.548,-40.432,2.0,517.0,1.0,False,1841991812.72,3.6291,13.957,25.122,7.0,True,
2025-0702-001,BAZ1,135.25,134.12,131.3,132.6,132.01,4613510,17268210,S&P 500 Consumer Discretionary,21.078,-21.028,-11.311,-15.736,-22.806,-11.311,-15.736,2.319,-11.088,1.0,-6.433,1.0,False,180328533176.18,3.743,1.269,21.527,36.0,True,
2024-1224-002,HEND.VI,8.71,8.66,8.68,8.73,8.77,505451,965429,S&P 500,-17.018,2.123,8.605,12.295,2.184,8.605,12.295,-2.795,1.296,1.0,3.487,1.0,False,1130763114.12,1.91,16.204,30.542,,True,
2025-0725-001,BELF.L,455.43,442.24,425.58,427.15,432.5,1644304,5266984,S&P 500 Industrials,-11.452,-37.681,-34.133,-22.013,-36.669,-34.133,-22.013,-25.082,-75.362,2.0,-6.823,1.0,True,129460739742.44,3.2032,21.047,24.743,64.0,True,
2025-0925-001,PVR,641.29,616.32,580.39,564.68,561.26,1498114,5837123,S&P 500 Consumer Discretionary,-7.943,-5.829,-83.786,-89.343,-62.156,-83.786,-89.343,-60.749,-68.462,2.0,-56.079,2.0,False,254772381493.2,3.8963,13.638,23.882,51.0,True,
2025-0601-001,ZIM1,35.62,35.47,33.32,33.18,34.13,2967140,5457941,S&P 500 Industrials,28.046,-60.525,-64.554,-37.641,-63.278,-64.554,-37.641,-7.711,-21.622,9.189,-16.513,1.0,False,35608769165.95,1.8395,38.796,77.072,84.0,True,
2025-0118-001,RRR.SW,102.57,94.8,91.07,91.7,93.55,312330,593084,S&P 500 Energy,21.943,-39.363,-32.676,-13.208,-38.797,-32.676,-13.208,2.426,-28.295,58.525,-7.418,1.0,False,55774950740.78,1.8989,28.484,33.865,45.0,True,
2022-0401-001,ELEV.TO,5.08,5.0,4.61,4.79,4.99,124911,379522,S&P 500,28.285,-77.898,-42.587,-2.004,-65.803,-42.587,-2.004,-20.273,-3.976,12.0,-1.294,1.0,False,928810486.27,3.0383,26.216,37.819,7.0,True,
2021-0719-001,FLC.PA,8.61,8.27,8.06,7.99,8.27,16928414,61009735,S&P 500 Information Technology,-4.017,-2.597,-34.447,226.0,-22.993,-34.447,226.0,15.369,-11.398,1.0,116.0,1.0,False,1193520713.71,3.604,3.407,64.611,21.0,True,
2023-0521-002,ZIMM,408.57,387.18,370.89,364.87,375.54,9677544,26130068,S&P 500 Financials,2.714,-42.076,-57.628,-30.063,-39.089,-57.628,-30.063,-32.147,-18.216,1.0,-2.309,8.455,False,254686021285.16,2.7001,25.451,43.671,157.0,True,
2024-0505-001,GRAH,24.13,24.36,24.12,24.03,23.68,22461529,44510517,S&P 500 Industrials,-863.0,-9.968,-13.345,-2.798,-9.527,-13.345,-2.798,-3.813,-6.255,1.0,-14.018,1.0,False,6145857483.06,1.9816,14.784,17.522,316.0,True,
2025-0305-001,SIER,27.05,24.38,24.53,24.13,24.59,1853786,5803423,S&P 500,17.377,5.949,-10.154,8.492,5.993,-10.154,8.492,-8.613,2.878,1.0,5.822,1.0,False,25137883439.45,3.1306,32.817,63.859,48.0,True,
2024-0717-001,NEW1.AX,55.03,53.82,49.62,52.24,52.47,4248483,16939848,S&P 500 Financials,20.275,-78.088,-29.426,-25.105,-91.856,-29.426,-25.105,-7.081,-33.615,31.925,-11.448,1.0,False,30419361901.04,3.9873,16.848,18.775,125.0,True,
2024-0117-001,mar.1,11.29,10.77,10.33,10.37,10.54,6170979,21846261,S&P 500 Information Technology,-19.971,-40.645,-37.537,-21.569,-41.025,-37.537,-21.569,-19.411,-63.887,2.0,-7.585,1.0,False,92675501.61,3.5402,26.369,4.479,82.0,True,
2022-0124-001,FIDE,14.32,13.88,13.55,13.52,13.8,13478087,24728829,S&P 500 Financials,-4.347,-23.532,-25.659,-6.068,-1.949,-25.659,-6.068,16.253,-17.575,1.0,-2.779,1.0,False,1104838604.03,1.8347,2.764,37.316,9.0,True,
2023-0218-001,CME.DU,118.06,120.3,115.34,116.4,116.74,2020550,5101430,S&P 500 Energy,-11.488,-4.125,-32.404,-29.633,-33.005,-32.404,-29.633,-12.269,-2.615,6.925,-16.761,1.0,False,45675120973.7,2.5248,22.909,29.017,274.0,True,
2022-1231-001,CMM.SA,99.11,93.82,89.78,87.08,89.37,3321379,11301532,S&P 500 Industrials,6.803,-43.082,-71.828,-47.386,-4.347,-71.828,-47.386,-41.816,-36.671,16.645,-22.486,8.757,False,59559258512.95,3.4027,31.183,36.076,36.0,True,
2024-1001-001,MARK,189.44,176.95,168.12,172.32,180.72,82898,292572,S&P 500 Financials,-84.0,-4.992,-26.169,21.327,-57.342,-26.169,21.327,25.834,-31.465,42.675,1.2434,1.0,False,102070534532.84,3.5293,13.349,20.348,60.0,True,
2024-0129-001,MATR.KS,60.92,58.19,56.37,56.39,57.76,1264115,3348709,S&P 500 Industrials,9.539,-31.349,-30.985,-7.335,-28.055,-30.985,-7.335,6.457,-12.132,1.0,-3.041,1.0,False,34934527631.6,2.6491,18.598,3.065,54.0,True,
2025-0810-002,BARR.AX,120.32,114.23,113.72,114.93,111.87,142342,506336,S&P 500 Health Care,6.591,-4.442,6.145,-20.656,-4.825,6.145,-20.656,-13.677,-4.086,1.0,-27.499,62.505,False,159962092369.37,3.5572,39.934,48.681,238.0,True,
2025-0712-001,TNP.WA,446.58,394.22,379.88,373.53,374.94,2105850,4597883,S&P 500 Information Technology,25.862,-3.637,-52.473,-48.916,-40.556,-52.473,-48.916,-65.512,-2.679,6.605,-16.333,1.0,False,174968719462.58,2.1834,30.805,59.551,145.0,True,
2025-0619-001,ORLA.JO,43.35,41.61,41.17,41.43,41.25,2684492,8590437,S&P 500 Information Technology,-6.789,-10.463,-4.314,-8.536,-10.044,-4.314,-8.536,8.545,-5.977,1.0,-6.129,1.0,False,29241847479.31,3.2,2.718,47.886,53.0,True,
2024-0722-002,KPP.VI,203.21,196.47,193.26,198.0,199.58,1811238,3795895,S&P 500 Health Care,23.373,-1.633,7.784,15.806,-14.553,7.784,15.806,1.161,-0.97,1.0,7.965,1.0,False,105670270726.19,2.0957,16.839,30.622,,True,
2025-0323-001,NAK1,293.46,291.45,273.38,273.46,286.44,84886,246675,S&P 500 Information Technology,15.194,-61.992,-6.171,-17.207,-60.115,-6.171,-17.207,-28.028,-28.424,5.788,-6.774,1.0,False,198091569425.31,2.906,3.097,59.688,15.0,True,
2023-0819-001,LEM.DE,30.83,28.05,27.5,27.45,27.23,1109362,1840217,S&P 500 Health Care,-4.086,-19.673,-21.486,-29.105,-15.934,-21.486,-29.105,-25.967,-10.868,1.0,-18.839,1.0,False,17395272888.14,1.6588,14.616,18.868,359.0,True,
2025-1203-001,PPV.AS,8.22,7.95,7.17,7.21,7.83,1063576,2931712,S&P 500 Information Technology,-8.997,-98.128,-92.833,-14.987,-106.924,-92.833,-14.987,572,-6.118,2.0,-4.691,1.0,False,2436583723.73,2.7565,11.077,20.285,53.0,True,
2022-1005-001,ACB,43.59,41.54,40.93,40.43,40.65,2726223,7653835,S&P 500 Financials,-12.266,-14.719,-26.782,-21.369,-14.623,-26.782,-21.369,-5.722,-8.621,1.0,-13.592,1.0,False,19941790047.9,2.8075,29.466,45.366,235.0,True,
2025-0119-001,ALI.AS,424.86,427.18,406.23,406.84,413.5,259355,798894,S&P 500 Financials,23.993,-49.042,-47.609,-32.018,-55.941,-47.609,-32.018,-29.211,-25.961,70.195,-20.299,98.505,False,368229889734.07,3.0803,25.744,42.634,143.0,True,
2024-0718-003,EQUI.PA,10.14,10.19,9.91,10.21,10.16,2540761,4999992,S&P 500 Financials,22.637,-27.932,2.243,-2.609,-30.136,2.243,-2.609,-6.043,-55.864,2.0,-2.741,1.0,True,3186086076.17,1.9679,22.465,33.517,,True,
2022-1029-001,STRU.OL,5.3,5.48,5.36,5.28,5.37,5234815,15041278,S&P 500 Industrials,-3.274,-22.431,-35.714,-2.036,-23.341,-35.714,-2.036,7.743,-14.928,1.0,-10.022,1.0,False,1667240347.37,2.8733,17.236,22.581,159.0,True,
2024-0505-002,ELLI.PR,13.52,13.85,12.88,13.2,14.11,1877006,4588250,S&P 500 Health Care,-8.395,-70.155,-47.004,18.667,-791.0,-47.004,18.667,1.338,-47.214,2.0,1.029,1.0,False,1669485362.39,2.4445,32.745,43.565,24.0,True,
2022-1125-001,AOB,284.2,292.97,289.99,287.45,289.37,888838,3467448,S&P 500 Health Care,-16.683,-10.163,-18.852,-12.285,-10.009,-18.852,-12.285,-22,-4.011,1.0,-4.615,1.0,False,93383829906.64,3.9011,13.157,2.007,28.0,True,
2024-0708-001,CAPI.DE,13.86,13.87,13.35,13.41,13.53,506954,835118,S&P 500 Financials,4.855,-37.471,-32.943,-24.227,-42.926,-32.943,-24.227,-9.481,-30.981,45.095,-932.0,1.0,False,1812791004.94,1.6473,34.436,67.599,39.0,True,
2022-1125-002,PWR.DE,257.77,243.29,235.6,235.9,240.43,2412239,7616142,S&P 500 Consumer Discretionary,10.025,-31.605,-30.359,-1.175,-26.596,-30.359,-1.175,10.207,-36.291,18.545,-2.35,825.0,False,233481597897.72,3.1573,1.116,17.596,58.0,True,
2024-0528-001,DRI,32.77,32.66,32.12,31.43,32.24,162904,270829,S&P 500 Financials,24.671,-16.515,-3.772,-12.963,-19.055,-3.772,-12.963,-5.297,-15.855,1.0,-9.497,1.0,False,42872729127.3,1.6625,20.767,30.141,23.0,True,
2024-0130-001,TNP.L,270.02,269.11,251.93,268.89,267.47,253034,994421,S&P 500 Industrials,7.075,-63.844,-811.0,-6.087,-75.326,-811.0,-6.087,-2.444,-31.746,4.127,-2.984,1.0,False,57589271830.99,3.93,31.603,38.225,60.0,True,
2021-0117-001,TRUS.T,6.7,6.63,6.32,6.04,6.26,9909525,27253960,S&P 500 Financials,-2.252,-46.761,-89.411,-56.139,-44.471,-89.411,-56.139,-3.465,-24.595,77.025,-22.843,85.785,False,1378665829.57,2.7503,30.143,3.448,325.0,True,
2024-0623-001,AAS,104.53,101.34,100.12,98.96,100.09,2490315,4077542,S&P 500 Information Technology,21.068,-12.017,-2.351,-123.0,-13.592,-2.351,-123.0,-5.556,-703.0,1.0,-4.922,1.0,False,71740032643.89,1.6374,21.724,36.137,48.0,True,
2025-0912-001,OVM,624.04,557.06,549.41,542.49,536.95,462764,1080325,S&P 500 Energy,8.374,-13.728,-26.161,-36.105,-11.736,-26.161,-36.105,-49.346,-10.802,1.0,-16.438,1.0,False,233735627224.68,2.3345,22.537,34.774,335.0,True,
2024-1110-001,CRAW.MX,263.05,259.88,258.63,262.13,266.54,3893168,10739107,S&P 500 Industrials,1.317,-4.794,865.0,25.635,-4.479,865.0,25.635,4.773,-2.271,1.0,1.4404,1.0,False,63632967410.08,2.7584,32.582,4.824,,True,
2021-0918-002,TOUL.PA,15.43,14.3,14.18,14.01,14.05,1233023,2507897,S&P 500,-752.0,-8.097,-20.567,-17.181,-7.814,-20.567,-17.181,-5.256,-3.095,1.0,-9.421,1.0,False,5518858775.11,2.0339,23.742,33.643,8.0,True,
2023-0511-001,NTI.PA,46.15,45.78,43.9,44.75,45.49,163197,629690,S&P 500 Information Technology,-1.177,-41.121,-22.443,-6.443,-41.665,-22.443,-6.443,-26.123,-67.147,2.0,-4.043,1.0,False,39405962513.86,3.8585,1.023,19.688,35.0,True,
2021-0822-001,BITW,267.86,257.16,246.05,250.83,253.16,3262281,7973240,S&P 500 Information Technology,-52.0,-43.218,-24.624,-15.541,-53.043,-24.624,-15.541,4.378,-19.759,1.0,-736.0,1.0,False,96327287058.91,2.4441,14.844,27.338,23.0,True,
2025-1221-001,COMP.IR,84.29,85.78,84.61,86.51,86.19,6966730,11330904,S&P 500 Industrials,27.166,-13.615,8.501,4.764,-15.927,8.501,4.764,-7.906,-8.513,1.0,1.671,1.0,False,25303881743.01,1.6264,17.273,2.549,,True,
2021-0212-001,ATLA,29.24,26.62,26.79,26.34,26.37,2273119,7067021,S&P 500 Consumer Discretionary,5.736,6.216,-10.496,-957.0,5.239,-10.496,-957.0,7.163,3.662,1.0,-3.839,1.0,True,11685123769.37,3.109,30.279,52.768,43.0,True,
2024-0611-001,JOHA,279.75,257.85,242.94,237.26,252.45,16626234,61890890,S&P 500 Industrials,-10.953,-57.821,-79.847,-20.961,-56.363,-79.847,-20.961,-31.091,-28.177,59.115,-10.399,1.0,False,127167190920.99,3.7225,15.885,19.239,106.0,True,
2023-0904-001,SNT.SW,29.12,27.47,26.9,27.21,26.5,145883,480461,S&P 500 Information Technology,16.472,-20.775,-9.417,-35.292,-26.544,-9.417,-35.292,-8.614,-12.514,1.0,-22.787,86.065,True,21339050234.53,3.2935,15.277,22.638,141.0,True,
2025-0320-001,GHL,126.59,119.14,114.6,113.48,113.71,24669020,71223082,S&P 500 Health Care,-709.0,-38.134,-47.493,-45.543,-36.577,-47.493,-45.543,-21.069,-23.679,81.605,-49.136,2.0,False,12942806319.64,2.8871,33.154,50.502,234.0,True,
2025-1115-001,ANDE,121.36,121.9,118.13,117.06,115.94,4979801,19235681,S&P 500 Industrials,12.523,-30.945,-39.743,-48.858,-26.211,-39.743,-48.858,-20.568,-26.176,6.912,-21.169,94.155,False,87042765278.4,3.8627,22.354,42.945,124.0,True,
2022-0108-001,FERN.NS,10.42,9.67,9.31,9.28,9.41,1734375,5107332,S&P 500 Health Care,-833.0,-36.956,-39.884,-26.865,-47.859,-39.884,-26.865,955,-24.232,7.884,-9.649,1.0,False,3009678508.77,2.9448,27.493,53.416,246.0,True,
2022-0109-002,GFI.L,7.61,7.27,6.76,7.06,6.93,3240118,9106196,S&P 500 Industrials,23.411,-69.908,-28.805,-46.725,-82.456,-28.805,-46.725,-26.963,-33.659,31.705,-26.117,69.415,False,9657195005.06,2.8105,32.421,41.955,185.0,True,
2025-0115-001,MOVE.AX,9.0,9.37,9.24,9.06,9.48,8473051,28669930,S&P 500 Industrials,11.565,-13.448,-32.787,11.677,-1.319,-32.787,11.677,-9.906,-10.764,1.0,1.1707,1.0,True,1385500644.43,3.3837,32.068,59.332,10.0,True,
2024-1127-001,STUT.DE,5.31,5.59,5.38,5.39,5.62,1554696,4095780,S&P 500 Consumer Discretionary,-9.339,-38.084,-3.628,5.875,-44.571,-3.628,5.875,-6.395,-27.782,6.109,222.0,1.0,False,1711283027.9,2.6345,15.639,25.728,23.0,True,
2021-0814-001,SCOP.KS,540.26,508.09,485.4,501.45,490.76,518159,1671090,S&P 500 Information Technology,968.0,-44.661,-1.307,-34.107,-37.812,-1.307,-34.107,-1.487,-25.678,7.161,-12.781,1.0,False,375084989166.94,3.2251,13.972,23.721,98.0,True,
2024-1227-002,ATL1,69.23,71.11,67.5,70.69,68.7,335539,1276813,S&P 500 Health Care,-15.591,-50.832,-5.957,-33.829,-52.916,-5.957,-33.829,-17.483,-32.373,38.135,-67.658,2.0,False,78023804149.07,3.8053,28.462,36.798,38.0,True,
2022-0206-001,MZE,93.9,94.63,93.82,93.11,92.5,9261015,24172165,S&P 500 Utilities,16.803,-8.597,-16.055,-2.256,-817.0,-16.055,-2.256,-24.047,-4.098,1.0,-40.183,2.0,False,29396428406.69,2.6101,3.149,41.851,282.0,True,
2023-1209-002,PROV.TO,43.44,42.55,40.13,39.34,40.33,5712640,21391108,S&P 500 Financials,565.0,-5.681,-75.427,-52.285,-69.932,-75.427,-52.285,-59.649,-3.183,4.085,-2.954,523.0,False,59251004587.56,3.7445,17.831,27.995,131.0,True,
2025-0722-001,MSB.PA,75.22,71.97,67.02,65.11,64.2,3439125,5291659,S&P 500 Financials,8.228,-68.774,-9.538,-107.945,-65.279,-9.538,-107.945,-51.314,-27.965,60.175,-32.276,3.862,False,23109279998.14,1.5387,11.592,18.513,221.0,True,
2022-0624-001,ILP,43.19,40.63,40.52,40.58,41.8,1873544,4591239,S&P 500 Information Technology,-18.764,-2.675,-12.0,28.841,-3.288,-12.0,28.841,4.081,-2.378,1.0,3.4905,25.475,False,25402793682.73,2.4506,1.546,29.049,46.0,True,
2021-0927-001,BREM.DE,714.28,660.11,622.35,617.64,639.02,193418,419664,S&P 500 Information Technology,-3.221,-57.207,-6.434,-31.954,-64.749,-6.434,-31.954,-9.094,-52.125,2.0,-23.024,8.488,False,315924251376.89,2.1697,11.329,13.551,251.0,True,
2022-1128-001,GRAH,16.1,15.77,14.48,15.36,15.37,666926,2297348,S&P 500 Industrials,-19.039,-82.029,-25.708,-25.192,-8.982,-25.708,-25.192,8.865,-70.885,2.0,-9.035,1.0,False,9225364932.44,3.4447,16.673,25.193,157.0,True,
2022-1219-001,HES,196.11,189.04,179.74,187.09,188.48,421565,1658659,S&P 500 Health Care,6.897,-49.173,-1.029,-2.939,-48.945,-1.029,-2.939,16.413,-2.622,689.0,-1.803,1.0,True,173381357990.48,3.9345,24.194,38.277,27.0,True,
2023-0804-001,SAV,294.24,306.96,295.46,300.21,303.11,144991,408459,S&P 500 Information Technology,-6.828,-3.747,-21.974,-12.539,-43.525,-21.974,-12.539,-24.971,-52.505,2.0,-841.0,1.0,True,1059592586670.61,2.8171,1.252,17.201,32.0,True,
2025-0725-002,OEA,5.57,5.27,5.23,5.25,5.37,961225,2591247,S&P 500,7.3e-05,-671.0,-471.0,19.069,-6.408,-471.0,19.069,-4.397,-3.424,1.0,7.878,1.0,True,1679708064.01,2.6958,25.785,46.289,8.0,True,
2022-0611-002,RSS.PH,22.52,22.87,21.43,20.83,22.46,580830,1008641,S&P 500 Industrials,302.0,-63.099,-89.383,-17.761,-60.642,-89.383,-17.761,-14.714,-3.056,472.0,-9.195,1.0,False,18037083997.45,1.7366,38.517,56.235,43.0,True,
2021-0224-002,LINE.OL,12.96,13.57,12.69,12.6,13.38,1151372,4401391,S&P 500,-6.348,-64.848,-71.511,-13.981,-58.236,-71.511,-13.981,-9.091,-56.686,2.0,-5.003,1.0,False,877768344.55,3.8227,39.092,51.572,44.0,True,
2024-0501-001,NSM.AX,69.47,73.57,72.2,73.66,72.04,1347701,5294825,S&P 500 Consumer Discretionary,18.189,-18.675,1.274,-20.783,-22.711,1.274,-20.783,-4.754,-16.108,1.0,-15.413,1.0,False,39300427409.4,3.9288,2.682,39.275,95.0,True,
2023-0620-001,HELI.DE,9.51,9.39,9.25,9.43,9.67,21197175,37310893,S&P 500 Information Technology,-353.0,-14.655,3.814,2.974,-12.899,3.814,2.974,20.326,-8.623,1.0,1.9045,1.0,False,262613109.0,1.7602,10.432,11.879,,True,
2023-1006-001,GIBS.DE,109.37,100.42,98.49,101.6,101.08,548040,1458820,S&P 500 Information Technology,2.461,-19.241,11.717,6.548,-24.519,11.717,6.548,-10.017,-12.533,1.0,7.017,1.0,False,42499878516.42,2.6619,13.489,17.328,,True,
2025-0201-001,MONR.IR,32.85,31.73,30.81,30.86,31.22,6839973,22809264,S&P 500 Health Care,-2.362,-28.984,-27.381,-16.184,-37.146,-27.381,-16.184,-6.618,-31.448,4.276,-5.987,1.0,False,11102586490.7,3.3347,3.301,59.363,41.0,True,
2021-0318-001,APS.L,287.04,260.26,252.61,259.26,252.38,2739707,7983267,S&P 500 Consumer Discretionary,-11.103,-29.378,-3.854,-30.284,-34.091,-3.854,-30.284,-16.519,-25.516,7.242,-10.831,1.0,False,211436688351.51,2.9139,10.521,2.054,124.0,True,
2021-0410-001,MIA1,6.41,6.42,6.14,6.02,6.01,1140471,4395107,S&P 500 Utilities,-10.206,-43.404,-62.105,-64.081,-35.445,-62.105,-64.081,-27.903,-34.025,29.875,-3.395,3.025,False,2386866119.03,3.8538,30.699,60.395,235.0,True,
2023-0215-001,KEL1.AX,11.66,11.01,10.23,10.39,10.39,13247768,23248992,S&P 500,8.722,-70.602,-56.283,-56.032,-78.007,-56.283,-56.032,-40.637,-41.783,2.0,-24.339,78.305,False,278145470.05,1.7549,28.266,44.826,258.0,True,
2021-0205-001,CHIC,143.27,139.92,131.0,133.77,137.42,2511252,7045652,S&P 500 Industrials,-18.564,-63.785,-43.933,-17.833,-61.826,-43.933,-17.833,-19.445,-34.736,2.632,-13.222,1.0,False,42570712101.88,2.8056,2.752,52.844,25.0,True,
2025-0503-001,LINK.SW,598.16,581.3,566.25,575.91,560.13,63502,225867,S&P 500 Information Technology,-7.474,-25.897,-9.268,-3.642,-32.387,-9.268,-3.642,-6.929,-15.597,1.0,-14.771,1.0,False,198148179610.83,3.5568,27.045,46.968,174.0,True,
2025-0626-002,KCT.DE,6.54,6.0,5.75,5.82,5.87,107427,406361,S&P 500 Health Care,-19.555,-42.327,-29.861,-2.087,-39.668,-29.861,-2.087,-10.136,-20.301,98.495,-10.429,1.0,False,315055665.8,3.7827,10.919,19.407,202.0,True,
2024-0315-001,ILP,45.48,43.97,41.57,41.12,42.85,3825788,10062559,S&P 500 Information Technology,-7.226,-54.508,-64.824,-2.537,-70.551,-64.824,-2.537,-34.006,-26.735,66.325,-21.829,90.855,False,22834397270.22,2.6302,19.443,38.744,320.0,True,
2022-0928-001,SANA.CO,6.2,6.11,6.04,6.19,6.36,17300833,45277536,S&P 500 Health Care,26.542,-11.966,13.472,4.046,-11.194,13.472,4.046,31.684,-9.063,1.0,1.2249,1.0,False,976931381.78,2.6171,17.027,29.061,,True,
2024-0307-001,GRID,122.41,116.76,113.4,113.04,115.31,2904542,7348017,S&P 500 Utilities,9.278,-28.768,-31.881,-12.431,-23.295,-31.881,-12.431,-14.015,-19.835,1.0,-6.559,1.0,False,76094162499.88,2.5298,34.868,58.645,28.0,True,
2023-1209-003,STLO,19.04,17.97,17.63,17.67,17.67,202044,485133,S&P 500 Utilities,-4.167,-18.855,-16.794,-16.554,-17.688,-16.794,-16.554,-13.535,-19.722,1.0,-8.326,1.0,False,8435863655.68,2.4011,24.952,40.414,5.0,True,
2022-0620-002,PHIL,40.6,42.52,38.71,38.69,41.23,537620,1863556,S&P 500 Industrials,18.539,-89.639,-90.004,-3.042,-110.026,-90.004,-3.042,-6.825,-156.122,2.0,-12.071,1.0,False,11984520232.31,3.4663,1.106,20.228,271.0,True,
2024-1130-001,LQC,14.44,14.08,13.59,13.89,14.11,5529773,13869671,S&P 500 Consumer Discretionary,62.0,-34.889,-13.519,1.998,-35.896,-13.519,1.998,1.753,-69.071,2.0,871.0,1.0,False,7634130942.76,2.5082,2.731,43.114,20.0,True,
2024-0814-001,INCH.KS,15.51,14.82,14.32,14.09,14.22,2192619,7119173,S&P 500 Health Care,-3.099,-34.005,-49.124,-40.197,-4.385,-49.124,-40.197,-31.219,-6.801,2.0,-20.416,9.792,False,3087640102.01,3.2469,26.891,45.041,51.0,True,
2023-1105-002,PHI1,146.22,145.14,138.33,140.2,146.82,484107,1737432,S&P 500 Health Care,9.872,-46.928,-34.058,11.585,-60.027,-34.058,11.585,1.662,-2.713,6.435,2.317,8.415,False,98134805020.01,3.5889,24.712,47.462,11.0,True,
2024-0405-001,FRAM,79.72,76.15,74.3,72.48,76.66,263089,799306,S&P 500 Industrials,-8.661,-24.301,-48.216,671.0,-19.787,-48.216,671.0,-16.041,-14.352,1.0,2.172,1.0,False,31646044977.02,3.0382,19.046,31.229,28.0,True,
2023-0716-002,NASH,21.23,21.25,20.79,20.85,20.57,357025,1058792,S&P 500 Health Care,21.835,-21.652,-18.652,-32.088,-22.821,-18.652,-32.088,-1.668,-9.614,1.0,-36.284,1.858,False,9299175114.97,2.9656,3.263,36.919,298.0,True,
2024-0610-001,RIA.CO,85.74,84.27,82.44,83.19,84.4,2785425,10102489,S&P 500,-6.676,-21.761,-1.281,1.512,-27.763,-1.281,1.512,-10.728,-13.217,1.0,1.656,1.0,False,20251297643.32,3.6269,2.007,24.726,8.0,True,
2025-0508-001,AUST,38.42,38.14,35.86,36.36,36.35,1579581,5301209,S&P 500,8.098,-59.794,-46.651,-46.802,-54.281,-46.651,-46.802,-33.142,-53.949,2.0,-3.42,0.29,False,28090154191.92,3.3561,23.071,42.918,205.0,True,
2024-0310-001,CRS,454.45,462.4,426.08,443.6,458.41,2588440,5159695,S&P 500 Financials,4.541,-78.542,-40.654,-8.624,-65.298,-40.654,-8.624,-9.583,-38.644,678.0,-3.154,1.0,True,213151949688.88,1.9934,24.893,48.193,57.0,True,
2023-1213-001,AUS1,15.9,15.34,14.68,15.2,15.41,587217,1685264,S&P 500 Consumer Discretionary,-17.619,-43.183,-94.0,458.0,-3.458,-94.0,458.0,20.772,-25.175,74.125,4.827,1.0,False,2333507156.61,2.8699,34.704,39.524,28.0,True,
2024-0426-002,WALS.L,13.84,12.96,12.09,12.16,13.0,488169,1844255,S&P 500 Communication Services,21.734,-67.124,-61.872,3.141,-81.212,-61.872,3.141,-13.719,-79.088,2.0,3.059,1.0,False,4388967966.58,3.7779,25.876,39.037,43.0,True,
2024-1028-001,VECT.AX,12.97,11.56,10.99,10.58,11.61,4474001,6747104,S&P 500 Information Technology,24.308,-49.472,-85.142,4.357,-5.564,-85.142,4.357,16.878,-66.298,2.0,1.443,1.0,False,5184875730.59,1.5081,11.469,2.162,13.0,True,
2022-0113-002,LAMB.AX,13.49,12.56,12.35,12.59,12.68,1524114,5070814,S&P 500 Financials,-10.543,-16.651,2.115,9.649,-17.401,2.115,9.649,6.633,-8.847,1.0,5.436,1.0,False,10977651967.11,3.3271,17.163,32.215,,True,
2023-0903-001,COMM.IR,14.06,12.99,12.65,12.49,12.69,3965403,12905696,S&P 500 Financials,-18.268,-26.496,-38.185,-22.869,-2.614,-38.185,-22.869,2.508,-16.489,1.0,-9.419,1.0,False,3288088552.25,3.2546,27.299,40.027,223.0,True,
2024-0729-001,JENS.LS,5.89,5.67,5.5,5.37,5.71,2346602,5862750,S&P 500 Financials,-11.727,-2.961,-52.561,6.789,-29.358,-52.561,6.789,6.529,-16.887,1.0,7.447,1.0,False,252550409.56,2.4984,31.958,61.251,22.0,True,
2024-0923-001,BIRM.L,6.63,6.44,6.04,6.21,6.29,180733,470362,S&P 500 Industrials,29.954,-62.374,-36.025,-23.446,-51.127,-36.025,-23.446,-18.995,-44.567,2.0,-9.773,1.0,False,921715131.01,2.6025,15.937,31.772,332.0,True,
2024-0806-001,ORLA.JO,44.57,46.96,44.9,45.02,45.7,194428,341900,S&P 500 Information Technology,-4.047,-43.936,-4.121,-26.903,-4.726,-4.121,-26.903,-22.592,-26.732,6.634,-11.772,1.0,False,17878175863.58,1.7585,30.119,37.642,265.0,True,
2025-0819-001,NEUR,116.66,114.48,110.97,110.12,115.81,58023,226462,S&P 500 Health Care,-13.696,-30.661,-38.113,11.636,-25.438,-38.113,11.636,7.543,-24.387,78.065,561.0,1.0,True,15952502734.68,3.903,13.524,20.514,54.0,True,
2023-0805-002,SCE,194.53,198.86,189.62,185.26,190.13,505932,874515,S&P 500,345.0,-46.459,-68.389,-43.914,-52.253,-68.389,-43.914,-32.995,-27.854,6.073,-30.418,4.791,False,151029380695.37,1.7285,13.406,24.833,43.0,True,
2021-1212-001,SULL,11.71,10.58,10.17,10.47,10.23,1919201,6170834,S&P 500,4.854,-38.928,-10.335,-33.432,-48.499,-10.335,-33.432,-16.918,-22.004,8.998,-3.049,4.755,False,1302040911.55,3.2153,37.362,53.141,173.0,True,
2023-0510-001,OXFO.L,414.22,411.52,385.0,390.96,399.85,97772,208467,S&P 500 Consumer Discretionary,20.713,-64.445,-49.967,-28.367,-52.558,-49.967,-28.367,-23.817,-32.425,37.875,-9.792,1.0,False,785531232372.95,2.1322,13.125,20.071,133.0,True,
2021-0804-002,HARR,20.01,18.02,16.65,17.02,17.27,2891331,6355699,S&P 500 Information Technology,23.571,-75.885,-55.392,-41.458,-67.537,-55.392,-41.458,-24.013,-51.208,2.0,-25.396,7.302,False,3749854386.36,2.1982,17.037,19.897,197.0,True,
2023-1024-002,CVL,245.2,244.62,232.6,229.41,230.75,469406,1679963,S&P 500 Health Care,-18.755,-49.117,-62.174,-56.718,-58.626,-62.174,-56.718,-29.037,-43.713,2.0,-16.687,1.0,False,103150347045.41,3.5789,1.238,23.286,279.0,True,
2022-0718-001,MARK.TO,98.14,99.56,97.5,100.29,97.15,5695209,19656532,S&P 500 Financials,15.919,-20.668,7.345,-24.239,-20.874,7.345,-24.239,-23.625,-23.297,83.515,-7.731,1.0,False,31292954345.08,3.4514,32.023,48.617,224.0,True,
2023-1029-001,BALT,50.62,48.82,47.91,48.34,47.77,2953657,7494059,S&P 500 Utilities,-16.915,-18.655,-9.746,-21.533,-23.879,-9.746,-21.533,-2.801,-9.208,1.0,-6.393,1.0,False,14353708414.35,2.5372,11.668,13.769,127.0,True,
2025-0810-003,LIND,22.18,23.07,22.4,21.89,22.4,1964460,7440917,S&P 500,-1.364,-29.219,-51.204,-29.181,-2.519,-51.204,-29.181,-31.717,-17.931,1.0,-13.856,1.0,False,7640567207.63,3.7878,20.555,37.346,117.0,True,
2021-0519-001,BEB.AX,73.96,67.46,63.24,65.01,66.74,2092063,4084416,S&P 500 Financials,28.622,-62.531,-36.248,-1.074,-5.903,-36.248,-1.074,-19.021,-50.608,2.0,-19.571,1.0,True,10103110311.28,1.9523,13.948,262.0,60.0,True,
2021-1104-001,PORT,11.2,10.36,10.41,10.49,10.2,7371631,27321137,S&P 500,5.431,446.0,12.413,-15.712,4.563,12.413,-15.712,-3.966,2.468,1.0,-551.0,1.0,True,5801596933.0,3.7063,26.212,37.612,,True,
2025-0526-002,SCF.T,84.56,83.13,81.88,81.53,80.82,4232828,13094545,S&P 500 Financials,2.215,-15.016,-19.306,-27.783,-12.676,-19.306,-27.783,-31.942,-8.172,1.0,-18.067,1.0,False,40604358361.73,3.0936,20.155,30.877,330.0,True,
2023-0724-001,SACR,5.96,6.13,5.81,5.73,6.05,702003,2016323,S&P 500 Financials,23.504,-52.104,-6.575,-13.095,-61.424,-6.575,-13.095,-2.953,-19.665,1.0,-8.879,1.0,False,513296803.26,2.8722,15.082,29.782,43.0,True,
2021-1015-001,KELL.DE,27.7,27.41,27.19,27.08,26.7,16560878,64114623,S&P 500 Health Care,11.121,-8.029,-1.187,-25.962,-6.815,-1.187,-25.962,-22.403,-7.736,1.0,-728.0,1.0,False,26209294501.95,3.8715,10.412,18.005,83.0,True,
2025-0210-001,RMM.MX,99.36,100.89,98.39,99.38,98.26,204089,593898,S&P 500 Health Care,23.447,-24.752,-14.942,-2.605,-28.781,-14.942,-2.605,7.348,-17.143,1.0,-13.123,1.0,False,71068380822.99,2.91,30.389,36.204,72.0,True,
2023-0908-001,SELE.L,392.12,366.57,348.42,348.63,363.64,5583845,17592522,S&P 500 Consumer Discretionary,-11.824,-49.506,-48.941,-7.991,-4.023,-48.941,-7.991,-4.227,-27.062,6.469,-3.488,1.0,True,352165798301.7,3.1506,25.636,41.525,12.0,True,
2025-1114-002,TCB.DE,105.54,102.94,99.63,100.09,99.84,49328,90417,S&P 500,18.977,-32.154,-27.653,-30.163,-31.742,-27.653,-30.163,-33.395,-27.308,6.346,-17.478,1.0,False,58511996625.33,1.833,22.468,32.827,300.0,True,
2022-0529-001,EDWA,301.09,284.46,276.85,272.06,274.82,443726,1645605,S&P 500 Financials,19.847,-26.764,-43.585,-33.888,-23.785,-43.585,-33.888,-37.087,-2.228,886.0,-1.229,1.0,False,418660366892.87,3.7086,15.145,2.108,130.0,True,
2023-0622-002,SPAR.L,5.57,5.49,5.38,5.33,5.43,145077,335353,S&P 500 Utilities,12.011,-20.934,-28.499,-10.586,-18.526,-28.499,-10.586,-5.133,-1.386,1.0,-21.172,9.414,False,1670932576.97,2.3116,26.878,47.969,32.0,True,
2025-0716-001,SHM,46.5,46.39,43.72,42.84,45.71,7236986,16023577,S&P 500 Health Care,3.876,-57.612,-765.0,-14.576,-74.437,-765.0,-14.576,-21.671,-28.688,5.656,-4.972,1.0,False,63044935461.73,2.2141,27.367,36.243,16.0,True,
2024-0723-001,CAMP.BA,35.41,33.37,31.51,31.73,32.22,2359193,6044591,S&P 500,2.952,-55.724,-4.902,-34.598,-50.833,-4.902,-34.598,-19.009,-3.774,113.0,-10.837,1.0,False,10904254595.71,2.5621,36.252,72.153,122.0,True,
2024-0804-001,AURA,282.48,261.56,246.89,245.87,255.92,19885894,65617196,S&P 500 Health Care,-19.357,-56.092,-0.06,-21.545,-54.115,-0.06,-21.545,-19.988,-34.626,2.687,-9.669,1.0,False,123633377577.39,3.2997,37.554,74.019,62.0,True,
2022-1130-001,VCS,221.72,221.33,221.32,221.37,226.66,113181,294756,S&P 500 Industrials,25.466,-3.4e-05,179.0,24.076,-3.4e-05,179.0,24.076,6.746,-23.0,1.0,1.2832,1.0,False,84225909323.08,2.6043,22.418,31.648,,True,
2025-1227-001,NAKA,38.39,37.71,36.54,36.44,36.8,10357888,26147519,S&P 500 Consumer Discretionary,-14.696,-31.041,-33.751,-24.258,-35.782,-33.751,-24.258,-33.981,-31.237,43.815,-10.117,1.0,False,31647821691.17,2.5244,10.872,20.354,144.0,True,
2023-0915-001,FAE.PA,6.37,5.82,5.57,5.57,5.72,24555937,48885893,S&P 500 Energy,-2.077,-43.707,-42.247,-17.995,-42.688,-42.247,-17.995,739,-35.419,22.905,-10.146,1.0,False,1470356069.01,1.9908,11.892,15.023,41.0,True,
2025-0119-002,LWS.DU,93.36,91.38,90.28,89.08,87.55,2670084,8541435,S&P 500,5.174,-12.091,-25.222,-41.869,-9.751,-25.222,-41.869,-29.678,-8.167,1.0,-38.608,696.0,False,38121155561.47,3.1989,29.302,39.255,335.0,True,
2022-0418-001,CURE.MI,136.26,131.9,131.3,133.75,131.71,870949,2944023,S&P 500 Health Care,898.0,-4.536,14.004,-1.404,-5.205,14.004,-1.404,-16.988,-3.487,1.0,-558.0,1.0,False,24087273076.52,3.3802,28.321,35.712,,True,
2025-1231-002,ZEN1.L,343.29,345.68,340.3,339.17,336.93,3272335,12052228,S&P 500 Financials,-67.0,-15.567,-18.844,-25.309,-16.643,-18.844,-25.309,-8.264,-8.317,1.0,-21.226,9.387,False,91839072714.57,3.6831,2.794,47.106,178.0,True,
2021-1204-002,SULL.L,17.75,16.13,15.78,15.97,15.85,66889532,172862802,S&P 500 Financials,12.939,-21.438,-10.212,-17.605,-18.161,-10.212,-17.605,-22.588,-2.421,7.895,-8.415,1.0,False,3086419492.12,2.5843,32.919,43.758,41.0,True,
2024-0203-001,ERE.L,84.35,89.34,88.17,88.85,88.48,2204633,4157716,S&P 500 Energy,-7.155,-13.072,-5.538,-9.663,-15.238,-5.538,-9.663,1.472,-705.0,1.0,-4.671,1.0,False,18885907662.68,1.8859,22.327,29.677,11.0,True,
2023-0719-001,IRVI,14.61,13.97,12.92,12.62,12.75,7030019,25446301,S&P 500 Information Technology,22.475,-75.333,-96.538,-8.757,-79.435,-96.538,-8.757,-95.579,-89.843,2.0,-60.812,2.0,False,2096331183.94,3.6197,36.376,40.859,301.0,True,
2022-0108-002,CLOU.DE,674.92,638.24,611.07,606.83,622.11,6353856,15706618,S&P 500 Information Technology,-6.827,-42.578,-49.218,-25.266,-52.413,-49.218,-25.266,-20.421,-18.145,1.0,-9.241,1.0,False,418235863367.66,2.472,21.083,41.571,211.0,True,
2025-1225-002,NAS1,9.31,8.86,8.3,8.16,8.31,533948,2129492,S&P 500 Financials,26.784,-63.601,-79.461,-62.183,-58.108,-79.461,-62.183,-33.879,-59.798,2.0,-38.813,5.935,False,2723004371.26,3.9882,24.676,45.625,182.0,True,
2025-1208-001,THEH.AS,15.09,14.46,14.14,14.31,14.31,2392187,4932839,S&P 500 Financials,15.879,-22.414,-10.237,-10.209,-24.366,-10.237,-10.209,-15.859,-16.849,1.0,-18.221,1.0,False,1667903380.97,2.0621,31.128,36.052,50.0,True,
2021-1229-001,ORLA.JO,36.93,37.49,35.86,36.71,37.59,12221829,47822038,S&P 500 Information Technology,-6.599,-43.419,-20.881,2.733,-36.298,-20.881,2.733,-14.353,-30.817,45.915,2.446,1.0,False,35473540419.11,3.9128,29.688,50.563,20.0,True,
2022-0814-002,RGP.AS,242.05,253.62,254.72,255.93,255.83,1104073,2651271,S&P 500 Health Care,2.033,4.342,9.119,8.708,4.596,9.119,8.708,16.989,8.684,1.0,3.665,1.0,False,174029534026.42,2.4014,37.598,54.358,,True,
2024-0321-001,SHEF.L,412.31,427.76,416.65,424.21,436.85,20725408,67910440,S&P 500 Financials,1.867,-25.976,-8.297,21.257,-29.739,-8.297,21.257,2.801,-13.452,1.0,1.3674,1.0,False,227691585700.92,3.2767,17.128,23.967,24.0,True,
2023-0303-001,DRIL.TO,31.7,30.92,29.97,29.67,30.24,1429636,3176599,S&P 500 Energy,23.871,-30.842,-40.441,-21.893,-39.484,-40.441,-21.893,-2.295,-20.029,99.855,-9.244,1.0,False,8985239793.28,2.222,36.124,5.359,128.0,True,
2024-0928-001,TURN.L,587.33,564.42,531.85,545.18,561.49,1704693,2647729,S&P 500 Consumer Discretionary,19.209,-57.712,-34.084,-5.191,-54.484,-34.084,-5.191,9.747,-34.975,25.125,-2.422,1.0,False,254970643901.98,1.5532,38.499,68.777,42.0,True,
2024-0707-001,MATR,71.55,66.66,62.52,60.25,64.58,693964,2148881,S&P 500 Industrials,-19.669,-62.049,-9.619,-31.242,-65.479,-9.619,-31.242,-289,-28.419,57.905,-21.962,9.019,False,60165783076.41,3.0965,24.124,29.821,126.0,True,
2024-0202-001,MEDN.NS,12.67,13.09,13.04,12.92,12.96,14143843,55490054,S&P 500 Health Care,6.983,-4.017,-13.125,-9.616,-4.453,-13.125,-9.616,-15.718,-2.705,1.0,-6.086,1.0,False,7355688397.88,3.9233,12.334,16.087,28.0,True,
2021-0409-001,BZE.L,654.62,599.62,574.38,579.68,585.1,915055,1975907,S&P 500 Industrials,3.592,-42.094,-33.258,-24.213,-38.722,-33.258,-24.213,-37.282,-26.363,68.185,-8.895,1.0,True,378222379757.58,2.1593,32.713,50.085,80.0,True,
2024-0627-002,TAN1,517.17,503.49,479.73,486.12,504.52,134036,322628,S&P 500 Information Technology,5.098,-47.184,-34.497,2.042,-43.443,-34.497,2.042,15.234,-27.724,6.138,4.084,1.0,False,61231327315.71,2.407,39.505,71.727,18.0,True,
2025-0418-001,GRAH.DE,148.5,136.6,135.01,136.75,140.38,3530067,11376410,S&P 500 Information Technology,25.191,-11.671,1.089,27.645,-1.365,1.089,27.645,18.661,-21.695,91.525,1.1556,1.0,False,76943345325.72,3.2227,18.862,34.052,,True,
2022-0305-001,HELI.IR,615.88,588.48,573.89,581.26,572.53,223699,349843,S&P 500 Information Technology,28.152,-24.786,-12.261,-27.106,-22.864,-12.261,-27.106,-27.469,-14.652,1.0,-11.084,1.0,True,318182440495.98,1.5639,24.787,28.987,268.0,True,
2023-1120-001,TAC.DE,17.71,16.88,16.44,16.82,17.35,1339735,4451756,S&P 500 Information Technology,14.851,-26.116,-3.423,27.904,-24.334,-3.423,27.904,9.172,-18.221,1.0,1.241,1.0,False,9641116523.52,3.3229,20.847,24.525,28.0,True,
2023-0310-001,YAMA.KS,618.77,594.01,574.89,584.59,573.34,1657524,3638529,S&P 500 Financials,-1.889,-32.185,-15.857,-34.796,-35.302,-15.857,-34.796,-6.885,-21.655,91.725,-2.631,6.845,False,577493521581.61,2.1952,17.539,2.416,307.0,True,
2025-0215-002,RALE,9.31,9.0,8.88,8.92,8.77,685758,1462581,S&P 500 Health Care,-10.514,-13.472,-8.541,-25.036,-13.085,-8.541,-25.036,-14.591,-7.073,1.0,-9.786,1.0,False,3440696386.48,2.1328,35.364,65.853,301.0,True,
2025-1022-003,MAR1.TO,349.83,317.44,299.08,309.18,306.28,1072916,1794616,S&P 500 Consumer Discretionary,-18.991,-57.828,-26.014,-35.152,-6.347,-26.014,-35.152,-40.367,-61.268,2.0,-21.087,94.565,False,860101033940.04,1.6727,15.401,21.992,300.0,True,
2022-0715-001,BULK.SA,57.01,52.75,50.75,52.51,53.48,1169405,3031744,S&P 500,29.058,-3.797,-4.525,13.775,-31.319,-4.525,13.775,238,-67.043,2.0,5.751,1.0,False,24136567524.58,2.5926,24.166,26.762,22.0,True,
2025-0130-001,GHL,103.77,102.07,99.13,100.35,100.61,868518,2203975,S&P 500 Health Care,-13.807,-28.799,-16.872,-14.259,-3.414,-16.872,-14.259,-5.648,-25.606,7.197,-4.198,1.0,False,36486612659.32,2.5376,18.799,2.499,31.0,True,
2021-0318-002,BREN.AS,6.42,6.28,5.96,6.04,6.16,5239986,16874279,S&P 500 Information Technology,21.438,-51.165,-38.259,-19.079,-63.836,-38.259,-19.079,-30.687,-77.867,2.0,-10.008,1.0,False,3429037650.48,3.2203,34.252,62.589,49.0,True,
2025-0302-001,EDMO.TO,496.8,477.98,458.81,445.71,477.07,1142072,1832210,S&P 500 Health Care,21.241,-40.107,-67.507,-1.902,-37.597,-67.507,-1.902,-19.162,-45.141,2.0,-768.0,1.0,False,317081012551.47,1.6043,16.488,29.588,35.0,True,
2021-1025-001,MART.SW,14.76,13.73,12.94,12.96,13.05,419518,1194772,S&P 500 Consumer Discretionary,-1.038,-57.774,-56.357,-49.691,-72.736,-56.357,-49.691,-21.385,-35.756,2.122,-2.247,8.765,False,141001461.97,2.848,12.107,24.169,45.0,True,
2021-0902-002,GUES.CO,46.25,46.24,45.37,45.7,44.65,42808,114744,S&P 500 Consumer Discretionary,3.161,-18.904,-11.574,-34.326,-17.688,-11.574,-34.326,-39.774,-16.288,1.0,-10.506,1.0,False,12882687638.64,2.6804,25.503,38.113,149.0,True,
2024-0501-002,IRR.TO,13.98,12.64,11.83,11.72,11.55,1163208,3953502,S&P 500 Consumer Discretionary,1.676,-64.235,-72.723,-86.424,-73.577,-72.723,-86.424,-94.421,-54.472,2.0,-51.001,2.0,False,10360780602.66,3.3988,20.196,34.481,322.0,True,
2024-0411-001,RCS.OL,8.51,8.51,8.0,8.31,8.32,665250,2598234,S&P 500 Industrials,-16.512,-60.516,-23.854,-22.725,-77.594,-23.854,-22.725,-4.932,-35.938,2.031,-9.107,1.0,False,952167256.76,3.9057,12.969,25.047,170.0,True,
2024-0607-002,QUIN,12.21,10.79,10.63,10.5,10.27,1001130,1723429,S&P 500 Communication Services,12.163,-14.813,-26.702,-47.884,-17.531,-26.702,-47.884,-32.419,-9.252,1.0,-1.499,1.0,False,3990042715.98,1.7215,21.367,41.989,363.0,True,
2023-0422-001,TIP,6.94,6.23,6.16,6.26,6.36,591242,1045950,S&P 500 Information Technology,20.538,-10.554,4.702,20.735,-12.026,4.702,20.735,21.674,-4.057,1.0,1.1535,1.0,False,1220698290.51,1.7691,31.546,50.847,,True,
2022-1106-001,CARB.BR,8.63,8.63,8.08,7.71,7.93,2596996,5296351,S&P 500 Industrials,-15.222,-64.089,-106.112,-81.064,-67.163,-106.112,-81.064,-5.579,-37.476,1.262,-24.939,75.305,False,489446422.46,2.0394,27.266,50.313,115.0,True,
2023-1212-001,WINN.TO,8.85,8.06,7.91,7.76,7.81,1417960,4418056,S&P 500 Health Care,-1.451,-18.192,-36.761,-31.201,-15.632,-36.761,-31.201,-22.367,-1.523,1.0,-24.011,79.945,False,1849602590.06,3.1158,10.568,15.002,83.0,True,
2022-0119-001,BELO.SA,34.62,34.03,33.41,32.63,34.09,580588,904894,S&P 500 Financials,15.458,-18.261,-4.115,1.901,-17.127,-4.115,1.901,-16.918,-16.431,1.0,833.0,1.0,False,13122344451.12,1.5586,11.799,16.665,56.0,True,
2024-0424-001,CREA.L,13.5,13.38,13.44,13.22,13.4,211973,344537,S&P 500 Communication Services,21.763,4.843,-12.175,126.0,6.221,-12.175,126.0,1.435,2.274,1.0,676.0,1.0,False,531077051.31,1.6254,3.035,40.349,46.0,True,
2024-1225-001,GUTI.CO,8.72,7.97,7.34,7.23,7.57,399603,1517836,S&P 500 Financials,11.138,-79.298,-93.316,-50.271,-82.721,-93.316,-50.271,-59.624,-44.519,2.0,-29.913,50.435,False,362822759.88,3.7984,22.679,28.464,345.0,True,
2023-0412-002,PCD,39.73,37.07,35.95,35.32,36.31,423725,1285052,S&P 500 Health Care,29.951,-30.338,-47.262,-20.389,-28.709,-47.262,-20.389,-5.759,-17.203,1.0,-7.673,1.0,False,11245884174.86,3.0328,20.419,30.559,122.0,True,
2025-0112-002,PIR.L,84.03,82.9,81.52,81.78,83.34,450713,1558138,S&P 500 Consumer Discretionary,-16.237,-16.689,-13.553,5.281,-15.212,-13.553,5.281,849,-10.169,1.0,3.999,1.0,False,91656525501.03,3.4571,20.913,26.679,46.0,True,
2023-0711-001,HARB.L,19.32,17.99,17.56,17.47,18.07,5492316,18942606,S&P 500 Consumer Discretionary,-64.0,-23.994,-28.966,4.498,-29.278,-28.966,4.498,16.252,-11.983,1.0,2.513,1.0,False,7192226015.03,3.4489,225.0,42.246,55.0,True,
2025-0705-002,CAS.AX,10.66,9.41,9.38,9.23,9.22,63598,170627,S&P 500 Industrials,2.822,-2.794,-19.181,-20.359,-273.0,-19.181,-20.359,-10.356,-1.488,1.0,-7.097,1.0,False,252509430.09,2.6829,30.209,57.902,351.0,True,
2024-1211-001,PALM.BR,586.49,574.22,571.89,571.87,569.32,218864,404350,S&P 500 Financials,25.869,-4.055,-4.101,-8.532,-3.759,-4.101,-8.532,-21.312,-1.879,1.0,-5.059,1.0,False,467761260716.34,1.8475,38.212,51.012,8.0,True,
2023-0327-001,EDIN.L,7.4,7.4,7.15,7.18,7.22,308598,1125087,S&P 500 Information Technology,21.634,-34.268,-29.437,-239.0,-32.937,-29.437,-239.0,-32.302,-17.589,1.0,-6.501,1.0,False,10180841210.0,3.6458,26.245,3.854,318.0,True,
2021-0608-001,TAKA,411.01,427.14,398.53,414.66,426.1,548466,2187419,S&P 500 Health Care,-9.249,-66.974,-29.225,-2.433,-60.035,-29.225,-2.433,-7.079,-58.989,2.0,-2.786,1.0,True,299744420386.6,3.9882,32.488,39.915,12.0,True,
2022-0715-002,DEAL,296.37,268.5,264.67,261.82,268.23,2043702,5703356,S&P 500 Consumer Discretionary,-1.609,-14.246,-24.891,-1.005,-1.275,-24.891,-1.005,9.582,-7.597,1.0,-65.0,1.0,False,261348264332.32,2.7907,10.207,14.345,46.0,True,
2024-0427-001,SPEC,10.11,9.55,9.36,9.17,9.66,1309535,3072507,S&P 500,14.285,-20.275,-40.053,11.668,-16.527,-40.053,11.668,4.998,-16.903,1.0,6.186,1.0,False,1583860457.82,2.3463,173.0,28.521,19.0,True,
2025-1018-001,PCD,27.58,27.57,26.96,27.66,27.87,692832,2047542,S&P 500 Health Care,15.295,-22.062,3.438,11.013,-22.356,3.438,11.013,931,-10.289,1.0,6.652,1.0,False,9089346766.31,2.9553,16.579,31.483,,True,
2024-0831-001,TWR,12.8,11.79,11.0,10.87,11.84,446639,770482,S&P 500 Information Technology,5.396,-67.117,-78.109,4.261,-58.954,-78.109,4.261,1.598,-32.673,36.635,2.606,1.0,False,3692401604.13,1.7251,19.571,23.644,38.0,True,
2024-1030-001,BRIS.L,9.72,9.35,8.79,9.1,9.06,955411,3456096,S&P 500 Information Technology,1.099,-59.465,-26.643,-30.836,-58.333,-26.643,-30.836,-3.707,-37.474,1.263,-21.913,90.435,False,3372997432.57,3.6174,22.538,32.352,150.0,True,
2025-1013-001,DRAF,46.36,44.43,42.45,41.29,41.66,766693,1300924,S&P 500,3.946,-44.565,-70.688,-62.266,-56.912,-70.688,-62.266,-16.298,-30.995,45.025,-28.306,5.847,False,37247935571.81,1.6968,28.697,47.319,174.0,True,
2021-0621-001,CGD,7.3,6.83,6.54,6.78,6.94,4136478,10562280,S&P 500 Health Care,-13.509,-4.261,-7.608,15.574,-34.668,-7.608,15.574,3.289,-24.102,7.949,6.972,1.0,False,2384099768.8,2.5534,10.909,15.071,30.0,True,
2025-0512-001,END.CO,48.86,45.05,43.26,43.11,44.72,306766,1179413,S&P 500 Health Care,-5.933,-3.973,-42.959,-722.0,-51.476,-42.959,-722.0,8.2e-05,-33.365,33.175,-5.107,1.0,False,8743803050.53,3.8447,17.669,35.325,28.0,True,
2021-0326-001,GUAR.BR,78.66,74.72,73.98,72.94,75.14,1478844,5034943,S&P 500 Financials,-16.028,-9.882,-23.829,5.594,-10.608,-23.829,5.594,-8.771,-7.471,1.0,165.0,1.0,False,9138867043.19,3.4046,35.394,49.767,16.0,True,
2022-0817-001,BELF.L,218.03,223.42,221.02,222.23,224.0,461361,863950,S&P 500 Industrials,11.639,-10.729,-5.315,2.575,-11.958,-5.315,2.575,17.077,-7.608,1.0,804.0,1.0,False,108095394457.3,1.8726,13.037,20.017,39.0,True,
2021-0204-001,FRAN.DE,52.66,48.15,44.42,46.28,45.33,2490790,6557805,S&P 500 Financials,2.711,-77.538,-38.794,-58.621,-82.641,-38.794,-58.621,-60.073,-7.48,2.0,-25.619,71.905,False,12021652069.56,2.6328,14.828,24.426,287.0,True,
2025-0930-001,HAIF.TA,243.64,253.27,243.45,243.57,250.57,159679,546602,S&P 500 Health Care,-18.386,-3.876,-38.304,-10.678,-37.782,-38.304,-10.678,-11.272,-21.174,9.413,-14.797,1.0,False,81103162871.92,3.4231,18.718,32.575,32.0,True,
2024-0922-001,LIN1,8.18,7.72,7.25,7.1,7.09,223586,609181,S&P 500 Energy,3.741,-60.279,-80.805,-81.664,-51.391,-80.805,-81.664,-37.002,-45.663,2.0,-32.327,38.365,False,7468942147.44,2.7246,10.135,16.536,260.0,True,
2024-0628-002,STRU.OL,10.88,10.42,9.76,9.61,9.94,1107646,2435610,S&P 500 Industrials,-6.258,-62.864,-77.435,-46.366,-74.909,-77.435,-46.366,-14.127,-43.338,2.0,-1.775,1.0,False,2555791907.67,2.1989,2.729,343.0,124.0,True,
2022-0406-001,CMI.DE,203.86,195.03,184.29,181.68,184.97,686386,1267724,S&P 500 Financials,17.545,-55.048,-68.476,-51.596,-58.046,-68.476,-51.596,-17.983,-38.292,854.0,-20.309,98.455,False,92771238069.24,1.847,22.786,3.295,286.0,True,
2023-0330-001,VDO.PA,16.95,16.26,15.6,15.57,15.59,43411,91794,S&P 500 Consumer Discretionary,24.181,-40.445,-42.683,-41.246,-38.166,-42.683,-41.246,-10.871,-18.387,1.0,-21.355,93.225,True,9088770005.11,2.1145,37.984,69.225,151.0,True,
2021-0810-003,FLIN.NS,95.31,89.94,87.89,86.54,85.46,367342,1303145,S&P 500 Financials,-2.379,-22.766,-37.858,-49.779,-26.493,-37.858,-49.779,-5.794,-15.185,1.0,-27.446,6.277,False,102235825536.89,3.5475,27.475,49.702,70.0,True,
2024-0623-002,WING,35.16,35.95,34.95,34.59,35.76,1547785,2458666,S&P 500 Industrials,2.137,-27.715,-37.829,-5.336,-24.949,-37.829,-5.336,-17.848,-21.434,9.283,-1.606,1.0,False,15879122070.82,1.5885,39.352,48.808,32.0,True,
2024-0312-001,DETR.JO,12.55,12.46,12.11,12.11,12.1,216391,640610,S&P 500,9.321,-28.108,-28.279,-28.734,-34.104,-28.279,-28.734,-10.682,-20.704,9.648,-11.721,1.0,False,456494021.33,2.9604,12.142,22.535,180.0,True,
2022-0616-001,CTL,260.3,248.51,248.11,251.3,256.95,935129,3272916,S&P 500 Industrials,-1.462,-1.612,11.221,33.965,-1.761,11.221,33.965,38.986,-939.0,1.0,2.2897,85.515,False,100627694983.06,3.5,21.773,31.236,,True,
2025-1027-001,PATH.KS,124.41,124.22,121.7,122.94,123.34,356932,1322869,S&P 500 Health Care,-5.443,-20.317,-1.034,-7.085,-21.048,-1.034,-7.085,-15.812,-11.094,1.0,-1.417,1.0,False,163223120713.9,3.7062,1.745,29.582,36.0,True,
2021-0328-001,ZSU.NS,12.51,11.94,11.61,11.9,11.68,2358652,6705763,S&P 500 Utilities,8.621,-27.237,-298.0,-21.372,-32.632,-298.0,-21.372,-20.655,-15.318,1.0,-42.744,2.0,False,1049171833.33,2.843,12.082,23.908,111.0,True,
2022-0510-001,OVE.L,24.99,26.06,24.97,25.41,25.4,1892970,6712707,S&P 500 Industrials,12.935,-41.734,-24.818,-25.451,-50.031,-24.818,-25.451,-21.862,-28.677,56.615,-17.761,1.0,False,38202473605.45,3.5461,21.293,30.359,121.0,True,
2021-0331-002,SAOP.SA,302.33,266.96,258.33,255.38,259.41,433613,668788,S&P 500 Financials,28.346,-32.316,-43.373,-28.293,-38.841,-43.373,-28.293,-38.974,-18.232,1.0,-18.482,1.0,False,230247122602.88,1.5424,22.489,43.272,282.0,True,
2024-0315-002,HEAL.MC,114.67,103.76,98.28,98.99,100.76,144963,427533,S&P 500 Health Care,25.843,-52.839,-4.596,-28.938,-52.351,-4.596,-28.938,-23.542,-49.435,2.0,-11.263,1.0,False,29266564444.85,2.9493,16.642,29.195,128.0,True,
2022-0607-001,MOS.TO,12.53,11.41,10.84,10.98,11.27,608932,1711849,S&P 500 Health Care,-13.589,-50.308,-37.295,-12.533,-63.544,-37.295,-12.533,-6.977,-22.748,8.626,-5.131,1.0,False,1493057459.17,2.8112,28.517,47.886,34.0,True,
2025-1201-002,RISK,11.64,11.44,11.22,11.11,11.33,705092,1670470,S&P 500 Financials,12.398,-19.274,-28.834,-956.0,-2.365,-28.834,-956.0,3.958,-11.979,1.0,-6.717,1.0,False,1092412500.66,2.3692,23.417,34.249,18.0,True,
2025-0815-001,TST,9.86,9.19,9.28,9.33,9.48,1028668,1873160,S&P 500 Consumer Discretionary,-14.115,9.801,15.634,31.861,10.697,15.634,31.861,29.721,8.381,1.0,1.914,1.0,False,5101037410.24,1.821,2.202,27.824,,True,
2022-1123-002,NAS1,13.55,13.38,12.88,12.75,13.0,11134199,24287319,S&P 500 Financials,8.416,-3.704,-4.677,-28.534,-36.137,-4.677,-28.534,-22.901,-28.254,5.873,-12.635,1.0,True,3104453064.28,2.1813,10.818,12.223,117.0,True,
2024-1207-001,BSE,12.34,12.42,11.6,12.08,12.43,740042,2196075,S&P 500 Utilities,1.246,-65.628,-26.979,853.0,-53.963,-26.979,853.0,-11.332,-73.589,2.0,475.0,1.0,False,775278050.03,2.9675,22.433,43.344,7.0,True,
2022-0702-002,ZAD.DE,14.64,14.54,13.94,13.76,14.56,9099113,33027494,S&P 500 Health Care,-14.381,-41.354,-53.361,1.033,-41.657,-53.361,1.033,6.381,-15.377,1.0,452.0,1.0,True,2445544196.45,3.6297,21.077,29.557,8.0,True,
2025-0612-002,RMM.MX,142.01,136.69,131.81,135.35,139.86,20090969,66593138,S&P 500 Health Care,-13.352,-35.713,-9.784,23.171,-34.659,-9.784,23.171,-2.449,-14.036,1.0,1.9244,1.0,False,66495004488.86,3.3146,13.555,21.701,41.0,True,
2024-1202-002,SEQU.L,24.21,23.66,22.43,22.79,22.55,274874,908603,S&P 500 Utilities,-12.056,-52.048,-36.825,-46.916,-67.111,-36.825,-46.916,-19.109,-28.625,56.875,-2.087,9.565,False,16281300692.45,3.3055,26.507,51.871,283.0,True,
2023-1212-002,LPS.T,15.59,13.93,13.29,13.58,13.34,2107040,7153978,S&P 500 Industrials,15.915,-46.027,-25.178,-42.558,-56.021,-25.178,-42.558,-55.615,-28.407,57.965,-22.245,88.775,False,929751977.17,3.3953,28.767,454.0,77.0,True,
2025-1207-001,VDR.DE,8.99,8.7,8.52,8.41,8.61,1682634,2819751,S&P 500 Energy,-6.879,-20.393,-32.944,-1.059,-22.776,-32.944,-1.059,-17.342,-12.357,1.0,-5.255,1.0,False,5133252309.52,1.6758,29.647,49.211,28.0,True,
2025-0405-001,ARCH.SA,18.62,19.29,19.09,18.8,19.7,2533647,6883824,S&P 500,-956.0,-1.015,-25.535,21.042,-10.699,-25.535,21.042,26.799,-10.345,1.0,6.208,1.0,False,10067289248.11,2.717,27.863,51.151,33.0,True,
2025-0321-001,CRAW.MI,33.56,31.75,31.94,31.89,31.71,25426687,60315301,S&P 500 Consumer Discretionary,7.782,5.928,4.296,-1.356,598.0,4.296,-1.356,-362,1.1856,1.0,-888.0,1.0,False,32731247124.53,2.3721,23.109,37.557,,True,
2021-1111-001,LEM.DE,30.61,30.66,30.05,30.4,30.76,233238,727551,S&P 500 Health Care,-8.858,-19.841,-8.469,3.279,-22.939,-8.469,3.279,3.317,-26.241,68.795,149.0,1.0,True,4618413206.77,3.1194,39.743,64.153,7.0,True,
2024-0116-001,CAMP.DE,123.65,125.49,120.25,121.08,122.76,937814,2247295,S&P 500 Health Care,11.738,-4.178,-35.161,-21.743,-51.527,-35.161,-21.743,-26.358,-55.922,2.0,-12.148,1.0,False,58180561038.7,2.3963,24.207,42.025,284.0,True,
2022-0517-001,YIEL.T,5.61,5.41,5.3,5.27,5.43,1194725,4545135,S&P 500 Financials,11.956,-21.226,-26.268,3.595,-22.505,-26.268,3.595,1.697,-14.059,1.0,2.051,1.0,False,1159456120.76,3.8043,2.004,24.857,49.0,True,
2023-0528-001,THOM.T,6.73,5.99,5.72,5.6,5.73,710797,2108935,S&P 500 Financials,21.832,-45.735,-64.641,-42.955,-58.114,-64.641,-42.955,-44.319,-26.433,67.835,-17.372,1.0,False,1624828561.09,2.967,30.813,43.964,188.0,True,
2024-0322-001,PHO1,13.59,12.76,12.53,12.49,12.88,27270245,57008995,S&P 500 Information Technology,-17.535,-17.773,-20.857,9.449,-16.304,-20.857,9.449,13.065,-15.157,1.0,839.0,1.0,False,731611459.24,2.0905,23.681,30.868,28.0,True,
2024-0928-002,GLAS.L,9.6,9.33,9.2,9.36,9.14,1069632,2119784,S&P 500,18.759,-14.464,359.0,-19.851,-12.539,359.0,-19.851,-34.807,-7.794,1.0,-34.238,2.881,False,7613324464.62,1.9818,38.822,53.388,,True,
2025-0126-001,SIN2.SI,147.98,146.16,143.09,146.03,149.7,4063144,6576788,S&P 500 Health Care,5.146,-20.977,-859.0,2.423,-18.631,-859.0,2.423,22.418,-1.775,1.0,1.2868,1.0,False,51480230868.84,1.6186,35.598,70.303,26.0,True,
2021-0421-001,PLT.SI,9.53,8.91,8.61,8.46,8.45,892885,1687404,S&P 500 Health Care,24.912,-33.532,-50.593,-5.166,-32.304,-50.593,-5.166,-34.905,-29.425,52.875,-32.132,3.934,False,2483708091.29,1.8898,14.711,19.829,110.0,True,
2025-0102-001,ROP.SW,94.94,93.32,92.25,93.48,95.74,191079,403710,S&P 500 Energy,-2.791,-11.495,17.0,25.894,-13.881,17.0,25.894,3.697,-7.194,1.0,1.0534,1.0,False,39830360983.93,2.1128,2.746,45.915,,True,
2023-0227-002,JENS,247.9,232.81,224.99,222.43,221.34,522459,1169129,S&P 500 Health Care,26.288,-33.573,-446.0,-49.247,-3.908,-446.0,-49.247,-61.046,-19.268,1.0,-23.996,8.002,False,103965298122.88,2.2377,28.333,34.187,272.0,True,
2022-0417-001,CELL.DE,6.92,7.22,6.95,7.03,7.02,326247,948654,S&P 500 Health Care,-10.194,-36.874,-26.975,-27.899,-32.751,-26.975,-27.899,-21.357,-32.913,35.435,-16.703,1.0,False,2007887148.72,2.9078,36.577,55.891,264.0,True,
2025-0819-002,HEND,68.97,66.15,62.63,61.22,62.54,287132,804246,S&P 500 Energy,15.457,-53.203,-74.504,-54.624,-56.257,-74.504,-54.624,-21.108,-34.955,25.225,-31.286,4.357,True,11711529808.48,2.801,12.018,20.359,109.0,True,
2023-0529-001,PALM.MI,68.73,64.32,62.52,62.49,63.8,628232,1795645,S&P 500 Consumer Discretionary,24.443,-28.009,-28.522,-8.037,-29.264,-28.522,-8.037,7.795,-14.929,1.0,-5.145,1.0,False,20889093528.37,2.8583,11.954,13.863,24.0,True,
2024-0414-001,EDMO.TO,499.61,476.98,454.41,443.67,446.04,927648,1744764,S&P 500 Health Care,-7.8e-05,-47.313,-69.828,-64.856,-6.032,-69.828,-64.856,-74.287,-34.686,2.657,-24.297,78.515,False,291195204575.01,1.8808,3.979,69.598,91.0,True,
2023-0902-003,BAZ1,213.04,193.36,178.14,177.42,186.47,288786,976432,S&P 500 Consumer Discretionary,3.025,-78.735,-82.459,-35.633,-90.239,-82.459,-35.633,-959,-38.561,7.195,-5.688,2.0,False,95079763676.4,3.3812,39.031,65.657,257.0,True,
2024-1203-001,CHEN,8.13,8.15,7.82,7.91,8.33,2764585,4403604,S&P 500,-257.0,-4.099,-29.038,21.683,-49.357,-29.038,21.683,29.495,-32.736,3.632,1.3829,1.0,False,189760164.56,1.5929,24.715,43.486,28.0,True,
2022-0117-002,PHOE,538.47,545.02,533.9,543.98,544.68,5968543,11355847,S&P 500 Financials,1.684,-20.396,-1.903,-619.0,-23.428,-1.903,-619.0,11.595,-9.011,1.0,-323.0,1.0,False,340071174308.72,1.9026,11.944,16.012,6.0,True,
2025-0730-002,GOB.NS,310.22,299.13,295.36,302.29,296.63,4469568,10144262,S&P 500 Financials,27.188,-12.604,10.561,-8.358,-1.052,10.561,-8.358,9.162,-6.755,1.0,-10.496,1.0,False,221633168166.22,2.2696,21.183,33.031,,True,
2023-0714-002,SFM,15.02,14.9,14.62,14.72,14.79,27463,80530,S&P 500 Consumer Discretionary,24.566,-18.846,-12.367,-7.628,-24.192,-12.367,-7.628,11.665,-1.387,1.0,-2.947,1.0,False,629335342.81,2.9323,3.629,67.463,7.0,True,
2024-0520-001,BRAS.SA,8.71,8.22,8.17,8.11,8.31,12117189,43462757,S&P 500 Health Care,-13.361,-6.019,-13.879,10.532,-536.0,-13.879,10.532,2.487,-5.623,1.0,5.387,1.0,False,599065274.25,3.5869,25.795,37.477,24.0,True,
2021-0413-001,VANC.TO,51.38,50.57,48.76,47.96,48.21,429131,1186588,S&P 500 Financials,-5.542,-35.696,-51.664,-46.704,-39.218,-51.664,-46.704,-30.005,-12.772,1.0,-93.408,2.0,False,14292683145.39,2.7651,13.134,25.345,293.0,True,
2022-0115-002,OFD.L,74.23,73.21,69.45,72.27,73.32,3989326,6390125,S&P 500 Industrials,2.621,-51.372,-12.819,1.518,-51.699,-12.819,1.518,6.866,-38.449,7.755,953.0,1.0,False,63451804262.29,1.6018,16.109,30.057,43.0,True,
2025-1119-001,MATR,129.65,134.29,130.76,134.02,136.62,578442,1946549,S&P 500 Industrials,26.761,-26.274,-204.0,17.331,-23.811,-204.0,17.331,-726,-11.833,1.0,6.887,1.0,False,83126711585.29,3.3652,20.636,38.455,10.0,True,
2025-0416-001,TST,13.4,12.9,12.21,12.34,12.64,521867,860537,S&P 500 Consumer Discretionary,10.941,-53.648,-43.239,-19.876,-52.271,-43.239,-19.876,-7.057,-45.153,2.0,-12.559,1.0,False,2227453386.0,1.649,14.846,24.366,30.0,True,
2023-1129-001,VICT.TO,32.87,33.14,32.22,31.89,31.82,754723,2752599,S&P 500 Financials,-2.211,-27.898,-37.788,-39.934,-32.215,-37.788,-39.934,-40.541,-28.125,59.375,-30.185,49.075,False,17407390655.24,3.6472,15.873,18.653,184.0,True,
2023-1110-001,GOOD,550.38,524.29,510.64,499.6,504.7,497175,1352547,S&P 500 Consumer Discretionary,-10.276,-26.033,-47.099,-37.371,-30.913,-47.099,-37.371,-12.722,-20.924,9.538,-20.021,99.895,False,80110337508.48,2.7205,23.566,2.955,243.0,True,
2024-0716-001,RRA.PA,239.19,242.18,235.15,229.47,237.66,525262,1221965,S&P 500 Information Technology,20.759,-29.019,-52.502,-18.654,-3.587,-52.502,-18.654,615,-23.062,8.469,-10.685,1.0,False,333086389120.07,2.3264,23.941,29.506,7.0,True,
2024-1113-001,ESM.MI,18.34,17.68,17.86,17.98,18.14,9887232,24970474,S&P 500 Information Technology,-16.227,9.984,16.927,26.117,12.444,16.927,26.117,1.726,6.937,1.0,9.066,1.0,False,18828308151.83,2.5255,27.144,38.159,,True,
2025-0329-001,HEND.PA,30.46,30.15,30.44,30.02,30.43,1209511,2135964,S&P 500 Financials,527.0,9.732,-438.0,9.277,871.0,-438.0,9.277,1.202,6.469,1.0,4.425,1.0,False,6270895512.54,1.766,15.333,25.201,11.0,True,
2023-0215-002,OHC.TA,8.8,8.3,8.09,8.09,8.17,160540,309492,S&P 500,22.532,-25.348,-25.099,-15.181,-30.302,-25.099,-15.181,-16.452,-13.465,1.0,-5.645,1.0,True,810924447.02,1.9278,31.215,50.712,31.0,True,
2022-1213-001,PREC,145.04,139.31,137.88,139.76,138.05,2498502,7306109,S&P 500 Industrials,6.323,-10.234,3.196,-906.0,-10.697,3.196,-906.0,-19.027,-3.761,1.0,-3.262,1.0,False,99556915294.28,2.9242,36.142,44.221,,True,
2024-1015-001,ZIM1,28.53,28.94,28.46,28.4,28.41,24716553,81642571,S&P 500 Industrials,21.153,-16.486,-18.748,-18.477,-17.612,-18.748,-18.477,2.513,-32.972,3.514,-6.775,1.0,False,32503460855.13,3.3032,35.918,42.788,41.0,True,
2024-0925-001,LYON.PA,8.63,8.41,8.23,8.26,8.22,950118,1608805,S&P 500 Industrials,-19.607,-21.185,-17.766,-22.105,-17.519,-17.766,-22.105,-20.311,-21.776,9.112,-7.817,1.0,False,439998173.04,1.6933,18.608,35.079,290.0,True,
2025-0701-001,NAKA,69.05,71.58,65.87,64.54,67.96,1922950,3380082,S&P 500 Consumer Discretionary,-3.706,-79.707,-98.356,-50.621,-97.229,-98.356,-50.621,-18.245,-3.325,3.375,-25.898,7.051,False,37447673357.01,1.7578,16.327,2.786,96.0,True,
2022-1104-002,DAVI.T,11.86,11.24,10.67,10.66,11.29,3429108,10819607,S&P 500 Financials,13.151,-5.036,-51.781,4.097,-58.197,-51.781,4.097,-12.038,-3.55,225.0,5.322,1.0,False,763271842.05,3.1552,36.691,68.826,37.0,True,
2022-1206-001,ATL3,408.51,399.89,390.53,389.02,396.42,251195,815955,S&P 500 Consumer Discretionary,13.755,-23.411,-27.174,-8.686,-26.143,-27.174,-8.686,-24.803,-46.248,2.0,-2.985,1.0,False,177207561718.41,3.2483,20.154,28.128,49.0,True,
2024-0823-001,CCL.CO,186.32,183.36,181.45,183.48,180.88,300960,1078576,S&P 500 Health Care,6.423,-10.393,632.0,-1.352,-11.886,632.0,-1.352,-20.953,-5.771,1.0,-12.896,1.0,False,105991318493.19,3.5838,10.241,12.128,,True,
2022-0508-002,BLAC.L,10.44,9.7,9.66,9.82,9.72,49411,148290,S&P 500 Information Technology,9.857,-3.989,12.069,1.764,-5.005,12.069,1.764,431,-3.638,1.0,1.181,1.0,False,6120249947.31,3.2012,1.047,20.021,,True,
2025-1112-001,VDO.PA,15.17,13.81,13.54,13.5,14.13,444506,1127967,S&P 500 Consumer Discretionary,27.917,-19.875,-222.0,23.199,-25.715,-222.0,23.199,16.647,-16.555,1.0,8.693,1.0,False,3327990916.78,2.5376,30.708,44.332,19.0,True,
2023-0620-002,LAMB.OL,55.35,52.82,48.77,49.71,49.23,120725,247494,S&P 500 Communication Services,13.807,-76.591,-58.892,-67.893,-94.635,-58.892,-67.893,-41.148,-41.774,2.0,-32.554,3.723,False,32033806481.6,2.0501,37.334,4.674,180.0,True,
